drop table if exists Cliente;
drop table if exists Indirizzo;
drop table if exists Allergene;
drop table if exists Allergie_clienti;
drop table if exists Carta_di_credito;
drop table if exists Metodi_pagamento;
drop table if exists Ristorante;
drop table if exists Piatto;
drop table if exists Allergie_piatti;
drop table if exists Giorno;
drop table if exists Rider;
drop table if exists Ordine;
drop table if exists Piatti_ordinati;
drop table if exists Spedizione;
drop table if exists Recensione;

create table Cliente (
    Mail        varchar (100)   primary key,
    Nome        varchar (50)    not null,
    Cognome     varchar (50)    not null,
    Telefono    varchar (20)    not null,
    Premium     bool            not null,
    Password    varchar (30)    not null
);

create table Indirizzo (
    ID      int             primary key,
    Via     varchar (50)    not null,
    NCivico varchar (10)    not null,
    CAP     char (5)        not null,
    Citta   varchar (50)    not null,
    Stato   varchar (20)    not null,
    Cliente varchar (100)   not null,
    foreign key (Cliente)   references Cliente(Mail) on update cascade on delete cascade
);

create table Allergene (
    Nome varchar (50) primary key
);

create table Allergie_clienti (
    Allergene   varchar (50),
    Cliente     varchar (100),
    primary key (Allergene, Cliente),
    foreign key (Allergene) references Allergene(Nome)  on update cascade on delete cascade,
    foreign key (Cliente)   references Cliente(Mail)    on update cascade on delete cascade
);

create table Carta_di_credito (
    Numero          char (16)       primary key,
    Circuito        varchar (20)    not null,
    Scadenza        date            not null,
    Intestatario    varchar (50)    not null
);

create table Metodi_pagamento (
    Cliente         varchar (100),
    CartaDiCredito  char (16),
    primary key (Cliente, CartaDiCredito),
    foreign key (Cliente)           references Cliente(Mail)            on update cascade on delete cascade,
    foreign key (CartaDiCredito)    references Carta_di_credito(Numero) on update cascade on delete cascade
);

create table Ristorante (
    ID                  int             primary key,
    Nome                varchar (50)    not null,
    Affiliato           bool            not null,
    PercentualeSconto   int             ,
    Mail                varchar (100)   not null,
    Telefono            varchar (20)    not null,
    CAP                 char (5)        not null,
    Via                 varchar (50)    not null,
    NCivico             varchar (10)    not null,
    Città               varchar (50)    not null,
    Stato               varchar (20)    not null,
    PunteggioMedio      decimal (2,1)   ,
    check (PercentualeSconto > 5 and PercentualeSconto < 100)
);

create table Piatto (
    Nome        varchar (50)    ,
    Ristorante  int             ,
    Prezzo      decimal (7,2)   not null,
    primary key (Nome, Ristorante),
    foreign key (Ristorante)    references Ristorante(ID) on update cascade on delete cascade
);

create table Allergie_piatti (
    Piatto      varchar (50),
    Ristorante  int,
    Allergene   varchar (50),
    primary key (Piatto, Ristorante, Allergene),
    foreign key (Piatto, Ristorante)    references Piatto(Nome, Ristorante) on update cascade on delete cascade,
    foreign key (Allergene)             references Allergene(Nome)          on update cascade on delete cascade
);

create table Giorno (
    Ristorante  int     ,
    Data        date    ,
    OraApertura time    ,
    OraChiusura time    not null,
    primary key (Ristorante, Data, OraApertura),
    foreign key (Ristorante) references Ristorante(ID) on update cascade on delete cascade
);

create table Rider (
    CF          char (16)       primary key,
    Nome        varchar (50)    not null,
    Cognome     varchar (50)    not null,
    Mail        varchar (100)   not null,
    Telefono    varchar (20)    not null,
    Dipendente  bool            not null,
    IBAN        char (27)       not null,
    Stipendio   decimal (7,2)   ,
    Ristorante  int             ,
    foreign key (Ristorante)    references Ristorante(ID) on update cascade on delete set null
);

create table Ordine (
    ID                  int             primary key,
    DataoraPagamento    timestamp       not null,
    DataoraRitiro       timestamp       ,
    Spedizione          bool            not null,
    Cliente             varchar (100)   ,
    CartaDiCredito      char (16)       ,
    Ristorante          int             ,
    foreign key (Cliente)           references Cliente(Mail)            on update cascade on delete set null,
    foreign key (CartaDiCredito)    references Carta_di_credito(Numero) on update set null on delete set null,
    foreign key (Ristorante)        references Ristorante(ID)           on update cascade on delete set null,
    check (
        (Spedizione = true and DataoraRitiro is null) or (
            Spedizione = false and
            DataoraRitiro is not null and
            DataoraPagamento <= DataoraRitiro
        )
    )
);

create table Piatti_ordinati (
    Piatto      varchar (50),
    Ristorante  int         ,
    Ordine      int         ,
    Quantita    int         not null,
    primary key (Piatto, Ristorante, Ordine),
    foreign key (Piatto, Ristorante)    references Piatto(Nome, Ristorante) on update cascade on delete cascade,
    foreign key (Ordine)                references Ordine(ID)               on update cascade on delete cascade
);

create table Spedizione (
    Ordine          int             primary key,
    DataoraMax      timestamp       not null,
    DataoraMin      timestamp       not null,
    DataoraArrivo   timestamp       not null,
    CostoSpedizione decimal (5,2)   not null,
    Indirizzo       int             ,
    Rider           char (16)       ,
    foreign key (Ordine)    references Ordine(ID)       on update cascade on delete cascade,
    foreign key (Indirizzo) references Indirizzo(ID)    on update cascade on delete set null,
    foreign key (Rider)     references Rider(CF)        on update cascade on delete set null,
    check (DataoraMin <= DataoraMax)
);

create table Recensione (
    Ordine              int             primary key,
    Testo               varchar (500)   ,
    Ristorante          int             not null,
    Rider               char (16)       ,
    StelleRistorante    int             not null,
    StelleRider         int             ,
    foreign key (Ordine)        references Ordine(ID)       on update cascade on delete cascade,
    foreign key (Ristorante)    references Ristorante(ID)   on update cascade on delete cascade,
    foreign key (Rider)         references Rider(CF)        on update cascade on delete set null,
    check (
        StelleRistorante <= 5 and StelleRistorante >= 0 and
        StelleRider <= 5 and StelleRider >= 0
    )
);

insert into Cliente (Mail, Nome, Cognome, Telefono, Password, Premium) values
('francesco.rossi@libero.com','francesco','rossi','+393174094882','ylnlfdxf',false),
('francesco.verdi@hotmail.com','francesco','verdi','+393276142322','bwkfnqdu',false),
('francesco.bianco@icloud.com','francesco','bianco','+393927954312','rtkjprep',false),
('francesco.neri@gmail.com','francesco','neri','+393427793198','stmwcysy',true),
('francesco.totti@libero.com','francesco','totti','+393486509006','ffmznimk',false),
('francesco.cassano@hotmail.com','francesco','cassano','+393066184963','zkycxfxt',true),
('francesco.renzi@icloud.com','francesco','renzi','+393984076361','pooefxzb',false),
('francesco.berlusconi@gmail.com','francesco','berlusconi','+393260165754','boygpoey',false),
('francesco.garibaldi@libero.com','francesco','garibaldi','+393717777335','rvipyamy',false),
('francesco.bruni@hotmail.com','francesco','bruni','+393038012509','mxujjloo',true),
('alberto.rossi@icloud.com','alberto','rossi','+393164061898','sncbxcok',false),
('alberto.verdi@gmail.com','alberto','verdi','+393877838371','knlyjyhf',false),
('alberto.bianco@libero.com','alberto','bianco','+393099683484','fnuxxzrz',false),
('alberto.neri@hotmail.com','alberto','neri','+393743808806','etlyhnko',false),
('alberto.totti@icloud.com','alberto','totti','+393828907815','iuteiojw',false),
('alberto.cassano@gmail.com','alberto','cassano','+393626539246','psajlfvg',false),
('alberto.renzi@libero.com','alberto','renzi','+393295200391','ylntrkdc',false),
('alberto.berlusconi@hotmail.com','alberto','berlusconi','+393586772294','hdizcobz',false),
('alberto.garibaldi@icloud.com','alberto','garibaldi','+393491250839','vdwvxhrc',false),
('alberto.bruni@gmail.com','alberto','bruni','+393935766582','busbmbor',true),
('massimiliano.rossi@libero.com','massimiliano','rossi','+393355328253','ohgmgnke',false),
('massimiliano.verdi@hotmail.com','massimiliano','verdi','+393291503649','gxpeyanf',true),
('massimiliano.bianco@icloud.com','massimiliano','bianco','+393634288758','hkljuggg',false),
('massimiliano.neri@gmail.com','massimiliano','neri','+393429307787','pevqgxie',false),
('massimiliano.totti@libero.com','massimiliano','totti','+393372975343','ujllchhb',true),
('massimiliano.cassano@hotmail.com','massimiliano','cassano','+393122264070','biwybxdu',false),
('massimiliano.renzi@icloud.com','massimiliano','renzi','+393675004549','tekmqdcy',false),
('massimiliano.berlusconi@gmail.com','massimiliano','berlusconi','+393314849207','qcozijip',true),
('massimiliano.garibaldi@libero.com','massimiliano','garibaldi','+393384926577','szrnavym',false),
('massimiliano.bruni@hotmail.com','massimiliano','bruni','+393236715540','oemuvnpp',false),
('ugo.rossi@icloud.com','ugo','rossi','+393300483012','xmhecthl',false),
('ugo.verdi@gmail.com','ugo','verdi','+393089307478','bppweqtg',false),
('ugo.bianco@libero.com','ugo','bianco','+393501456203','dqyoxytj',false),
('ugo.neri@hotmail.com','ugo','neri','+393191627276','prjbxpho',false),
('ugo.totti@icloud.com','ugo','totti','+393653244427','rqzhnbnf',false),
('ugo.cassano@gmail.com','ugo','cassano','+393858324115','jpxiogvl',true),
('ugo.renzi@libero.com','ugo','renzi','+393089134746','rkrusvoj',false),
('ugo.berlusconi@hotmail.com','ugo','berlusconi','+393155221748','kjilefra',false),
('ugo.garibaldi@icloud.com','ugo','garibaldi','+393807225910','uhgxpqnj',false),
('ugo.bruni@gmail.com','ugo','bruni','+393410485925','snhhlqqr',false),
('lucia.rossi@libero.com','lucia','rossi','+393961771903','cjtnzxug',false),
('lucia.verdi@hotmail.com','lucia','verdi','+393129087456','ckvfajfr',false),
('lucia.bianco@icloud.com','lucia','bianco','+393630190429','jzwucwlj',false),
('lucia.neri@gmail.com','lucia','neri','+393932874814','hzriwkba',false),
('lucia.totti@libero.com','lucia','totti','+393959450588','yhjugixw',false),
('lucia.cassano@hotmail.com','lucia','cassano','+393313370955','cpxifbxv',true),
('lucia.renzi@icloud.com','lucia','renzi','+393918280184','kcotzgku',false),
('lucia.berlusconi@gmail.com','lucia','berlusconi','+393763565839','sshfroef',false),
('lucia.garibaldi@libero.com','lucia','garibaldi','+393861551964','zyupzwwe',false),
('lucia.bruni@hotmail.com','lucia','bruni','+393266394562','flduuveo',true),
('marco.rossi@icloud.com','marco','rossi','+393626825510','fnjhaimu',false),
('marco.verdi@gmail.com','marco','verdi','+393433628234','buriswtb',true),
('marco.bianco@libero.com','marco','bianco','+393980088051','cvkdzezt',false),
('marco.neri@hotmail.com','marco','neri','+393823402319','efczzzbf',false),
('marco.totti@icloud.com','marco','totti','+393425389287','obucdhth',false),
('marco.cassano@gmail.com','marco','cassano','+393979801475','lpaxamce',false),
('marco.renzi@libero.com','marco','renzi','+393504405115','pcclifke',false),
('marco.berlusconi@hotmail.com','marco','berlusconi','+393938103384','aybnefxn',false),
('marco.garibaldi@icloud.com','marco','garibaldi','+393358569089','ngycdrud',false),
('marco.bruni@gmail.com','marco','bruni','+393415666667','rwospofg',false),
('mario.rossi@libero.com','mario','rossi','+393952341523','xwwkmfxd',true),
('mario.verdi@hotmail.com','mario','verdi','+393260494603','sgovsodk',false),
('mario.bianco@icloud.com','mario','bianco','+393149824529','rmhuyfyq',false),
('mario.neri@gmail.com','mario','neri','+393623826275','nayxqkqo',false),
('mario.totti@libero.com','mario','totti','+393892820552','zcpkhktk',true),
('mario.cassano@hotmail.com','mario','cassano','+393095890007','urfmbisg',false),
('mario.renzi@icloud.com','mario','renzi','+393468983551','hpoamvaf',true),
('mario.berlusconi@gmail.com','mario','berlusconi','+393214990303','tqdihers',false),
('mario.garibaldi@libero.com','mario','garibaldi','+393441955747','xmmyspna',true),
('mario.bruni@hotmail.com','mario','bruni','+393324666290','cvhhrjvb',true),
('maria.rossi@icloud.com','maria','rossi','+393556059463','gpknfpfy',false),
('maria.verdi@gmail.com','maria','verdi','+393881860249','wwwpzsqm',false),
('maria.bianco@libero.com','maria','bianco','+393250421277','nvjiupal',false),
('maria.neri@hotmail.com','maria','neri','+393229822785','klhsecdw',false),
('maria.totti@icloud.com','maria','totti','+393566072726','ipdfodkj',false),
('maria.cassano@gmail.com','maria','cassano','+393832860126','qhimvfvu',false),
('maria.renzi@libero.com','maria','renzi','+393788163876','llkjduhs',false),
('maria.berlusconi@hotmail.com','maria','berlusconi','+393587331081','qrmyjfjn',false),
('maria.garibaldi@icloud.com','maria','garibaldi','+393334220127','teamdcjb',false),
('maria.bruni@gmail.com','maria','bruni','+393395972028','wxgcjwlg',true),
('gianni.rossi@libero.com','gianni','rossi','+393362028418','tvjsjbao',false),
('gianni.verdi@hotmail.com','gianni','verdi','+393881367895','vruihosw',false),
('gianni.bianco@icloud.com','gianni','bianco','+393823065097','acwyhsge',true),
('gianni.neri@gmail.com','gianni','neri','+393272584739','tjhgauhn',false),
('gianni.totti@libero.com','gianni','totti','+393431040790','kjsmtpjh',true),
('gianni.cassano@hotmail.com','gianni','cassano','+393823210407','drchjccd',true),
('gianni.renzi@icloud.com','gianni','renzi','+393891733076','yeegfivd',false),
('gianni.berlusconi@gmail.com','gianni','berlusconi','+393942087873','edakubnf',true),
('gianni.garibaldi@libero.com','gianni','garibaldi','+393603362214','bcwqxkzm',false),
('gianni.bruni@hotmail.com','gianni','bruni','+393082740760','hgdnmphn',true),
('carla.rossi@icloud.com','carla','rossi','+393668898707','rffaclvg',true),
('carla.verdi@gmail.com','carla','verdi','+393538239485','lteojomo',false),
('carla.bianco@libero.com','carla','bianco','+393779641926','nrnnzwac',false),
('carla.neri@hotmail.com','carla','neri','+393176253407','xzrfusew',false),
('carla.totti@icloud.com','carla','totti','+393175059093','hkstcena',false),
('carla.cassano@gmail.com','carla','cassano','+393201175918','vzcautdc',false),
('carla.renzi@libero.com','carla','renzi','+393665840378','xttobbgq',false),
('carla.berlusconi@hotmail.com','carla','berlusconi','+393161157485','oglmkxgb',false),
('carla.garibaldi@icloud.com','carla','garibaldi','+393383270680','hbddzwrx',false),
('carla.bruni@gmail.com','carla','bruni','+393534031790','btwhxgin',false);

insert into Indirizzo (ID, Via, NCivico, CAP, Citta, Stato, Cliente) values
(1,'Via Napoleone','1','71152','Napoli','Italia','ugo.renzi@libero.com'),
(2,'Via Adige','2/A','22168','Padova','Italia','lucia.berlusconi@gmail.com'),
(3,'Via Monte Bianco','18','92795','Milano','Italia','francesco.neri@gmail.com'),
(4,'Via Adige','3','34113','Padova','Italia','lucia.berlusconi@gmail.com'),
(5,'Via Garibaldi','27','79319','Padova','Italia','alberto.renzi@libero.com'),
(6,'Via Napoleone','12','86024','Milano','Italia','lucia.renzi@icloud.com'),
(7,'Via Napoleone','9','00613','Torino','Italia','massimiliano.bruni@hotmail.com'),
(8,'Via Livenza','4/A','06618','Napoli','Italia','ugo.bruni@gmail.com'),
(9,'Via Monte Bianco','17','88291','Milano','Italia','alberto.cassano@gmail.com'),
(10,'Via Rielta','24','07636','Venezia','Italia','lucia.cassano@hotmail.com'),
(11,'Via Garibaldi','0/A','73726','Napoli','Italia','mario.verdi@hotmail.com'),
(12,'Via Monte Bianco','17','54120','Venezia','Italia','lucia.verdi@hotmail.com'),
(13,'Via Garibaldi','10','71777','Venezia','Italia','marco.neri@hotmail.com'),
(14,'Via Livenza','29','98182','Roma','Italia','francesco.renzi@icloud.com'),
(15,'Via Po','8','01250','Milano','Italia','massimiliano.totti@libero.com'),
(16,'Via Civetta','3/B','12016','Padova','Italia','massimiliano.rossi@libero.com'),
(17,'Via Monte Bianco','18','98414','Napoli','Italia','carla.bruni@gmail.com'),
(18,'Via Cadore','0','87783','Padova','Italia','gianni.neri@gmail.com'),
(19,'Via Civetta','0','73496','Mestre','Italia','marco.verdi@gmail.com'),
(20,'Via Po','19','68348','Torino','Italia','francesco.bruni@hotmail.com'),
(21,'Via Rielta','15','53337','Roma','Italia','francesco.neri@gmail.com'),
(22,'Via Cadore','18/A','06819','Padova','Italia','francesco.bruni@hotmail.com'),
(23,'Via Civetta','12/B','28907','Torino','Italia','carla.verdi@gmail.com'),
(24,'Via Napoleone','16/A','24258','Padova','Italia','mario.bianco@icloud.com'),
(25,'Via Monte Bianco','23','92461','Padova','Italia','massimiliano.bianco@icloud.com'),
(26,'Via Adige','29','76295','Venezia','Italia','francesco.rossi@libero.com'),
(27,'Via Po','19','18195','Padova','Italia','francesco.bianco@icloud.com'),
(28,'Via Napoleone','25','86772','Torino','Italia','mario.bruni@hotmail.com'),
(29,'Via Garibaldi','29','69825','Torino','Italia','ugo.totti@icloud.com'),
(30,'Via Rielta','2','50839','Roma','Italia','maria.bruni@gmail.com'),
(31,'Via Monte Bianco','19','97693','Napoli','Italia','carla.berlusconi@hotmail.com'),
(32,'Via Monte Bianco','25','82544','Napoli','Italia','alberto.renzi@libero.com'),
(33,'Via Adige','23','35532','Mestre','Italia','ugo.bianco@libero.com'),
(34,'Via Napoleone','6','18621','Mestre','Italia','carla.renzi@libero.com'),
(35,'Via Ticino','1','50364','Padova','Italia','carla.bianco@libero.com'),
(36,'Via Rielta','14','40596','Napoli','Italia','maria.totti@icloud.com'),
(37,'Via Ticino','8/B','58125','Milano','Italia','alberto.totti@icloud.com'),
(38,'Via Garibaldi','24/C','29307','Milano','Italia','alberto.garibaldi@icloud.com'),
(39,'Via Civetta','20','38252','Milano','Italia','alberto.neri@hotmail.com'),
(40,'Via Civetta','19','75343','Roma','Italia','mario.verdi@hotmail.com'),
(41,'Via Adige','12','53512','Venezia','Italia','massimiliano.bianco@icloud.com'),
(42,'Via Monte Bianco','10/C','03400','Napoli','Italia','ugo.neri@hotmail.com'),
(43,'Via Adige','26/C','50045','Padova','Italia','alberto.bruni@gmail.com'),
(44,'Via Napoleone','4/C','21683','Venezia','Italia','gianni.totti@libero.com'),
(45,'Via Cadore','29/B','07060','Napoli','Italia','maria.rossi@icloud.com'),
(46,'Via Napoleone','17/B','84926','Napoli','Italia','gianni.berlusconi@gmail.com'),
(47,'Via Civetta','15','79830','Mestre','Italia','mario.bianco@icloud.com'),
(48,'Via Livenza','17/B','55402','Milano','Italia','ugo.rossi@icloud.com'),
(49,'Via Monte Bianco','21','17300','Mestre','Italia','gianni.garibaldi@libero.com'),
(50,'Via Adige','4','09488','Roma','Italia','mario.totti@libero.com');

insert into Allergene (Nome) values
('Uova'),
('Pesce'),
('Glutine'),
('Lattosio'),
('Fragole'),
('Cioccolato'),
('Legumi'),
('Frutta secca'),
('Ananas'),
('Kiwi');

insert into Allergie_clienti (Allergene, Cliente) values
('Pesce','mario.berlusconi@gmail.com'),
('Fragole','francesco.rossi@libero.com'),
('Kiwi','massimiliano.totti@libero.com'),
('Ananas','marco.garibaldi@icloud.com'),
('Glutine','mario.totti@libero.com'),
('Cioccolato','lucia.cassano@hotmail.com'),
('Pesce','massimiliano.berlusconi@gmail.com'),
('Pesce','carla.verdi@gmail.com'),
('Cioccolato','lucia.bianco@icloud.com'),
('Frutta secca','ugo.renzi@libero.com'),
('Pesce','francesco.totti@libero.com'),
('Glutine','marco.neri@hotmail.com'),
('Glutine','gianni.bianco@icloud.com'),
('Pesce','alberto.renzi@libero.com'),
('Ananas','carla.cassano@gmail.com'),
('Frutta secca','massimiliano.renzi@icloud.com'),
('Pesce','ugo.garibaldi@icloud.com'),
('Kiwi','alberto.bianco@libero.com'),
('Frutta secca','carla.bruni@gmail.com'),
('Cioccolato','carla.totti@icloud.com'),
('Lattosio','alberto.verdi@gmail.com'),
('Glutine','ugo.neri@hotmail.com'),
('Lattosio','mario.totti@libero.com'),
('Pesce','alberto.verdi@gmail.com'),
('Lattosio','mario.garibaldi@libero.com'),
('Frutta secca','lucia.totti@libero.com'),
('Glutine','marco.berlusconi@hotmail.com'),
('Frutta secca','marco.bruni@gmail.com'),
('Lattosio','lucia.verdi@hotmail.com'),
('Kiwi','maria.garibaldi@icloud.com'),
('Legumi','ugo.cassano@gmail.com'),
('Uova','lucia.bianco@icloud.com'),
('Ananas','francesco.renzi@icloud.com'),
('Fragole','lucia.garibaldi@libero.com'),
('Legumi','francesco.cassano@hotmail.com'),
('Uova','massimiliano.bruni@hotmail.com'),
('Uova','marco.rossi@icloud.com'),
('Legumi','francesco.verdi@hotmail.com'),
('Lattosio','lucia.garibaldi@libero.com'),
('Kiwi','massimiliano.neri@gmail.com'),
('Fragole','marco.totti@icloud.com'),
('Legumi','lucia.rossi@libero.com'),
('Legumi','maria.renzi@libero.com'),
('Pesce','francesco.garibaldi@libero.com'),
('Fragole','ugo.bruni@gmail.com'),
('Legumi','massimiliano.neri@gmail.com'),
('Frutta secca','ugo.garibaldi@icloud.com'),
('Ananas','gianni.bianco@icloud.com'),
('Kiwi','lucia.verdi@hotmail.com');

insert into Carta_di_credito (Numero, Circuito, Scadenza, Intestatario) values
('1740948824551711','Visa','2027-09-01','FRANCESCO ROSSI'),
('7614232216857618','AmericanExpress','2026-05-01','FRANCESCO VERDI'),
('7954312334113874','Maestro','2021-07-01','FRANCESCO BIANCO'),
('7931986502860248','Mastercard','2025-01-01','FRANCESCO NERI'),
('0900613893446066','Visa','2028-02-01','FRANCESCO TOTTI'),
('4963788291359840','AmericanExpress','2020-03-01','FRANCESCO CASSANO'),
('3615420973726016','Maestro','2028-09-01','FRANCESCO RENZI'),
('5412001460717777','Mastercard','2026-07-01','FRANCESCO BERLUSCONI'),
('5998182660380125','Visa','2024-06-01','FRANCESCO GARIBALDI'),
('4783512016406189','AmericanExpress','2023-05-01','FRANCESCO BRUNI'),
('1439880877838371','Maestro','2020-03-01','ALBERTO ROSSI'),
('3496510996834849','Mastercard','2024-06-01','ALBERTO VERDI'),
('5533374380880681','Visa','2025-09-01','ALBERTO BIANCO'),
('9722828907815861','AmericanExpress','2022-07-01','ALBERTO NERI'),
('2586265392461821','Maestro','2024-03-01','ALBERTO TOTTI'),
('7629520039181953','Mastercard','2027-02-01','ALBERTO CASSANO'),
('2586772294196982','Visa','2025-08-01','ALBERTO RENZI'),
('4912508393967997','AmericanExpress','2023-08-01','ALBERTO BERLUSCONI'),
('3576658254416163','Maestro','2022-02-01','ALBERTO GARIBALDI'),
('5328253618621462','Mastercard','2021-02-01','ALBERTO BRUNI'),
('5036492934405963','Visa','2021-06-01','MASSIMILIANO ROSSI'),
('8875812574444429','AmericanExpress','2027-09-01','MASSIMILIANO VERDI'),
('7787303825203729','Maestro','2028-07-01','MASSIMILIANO BIANCO'),
('3432113253512226','Mastercard','2025-08-01','MASSIMILIANO NERI'),
('7034005310675004','Visa','2024-07-01','MASSIMILIANO TOTTI'),
('9564821683148492','AmericanExpress','2021-07-01','MASSIMILIANO CASSANO'),
('0607056738492657','Maestro','2023-03-01','MASSIMILIANO RENZI'),
('5798302236715540','Mastercard','2021-08-01','MASSIMILIANO BERLUSCONI'),
('0611173004830129','Visa','2023-02-01','MASSIMILIANO GARIBALDI'),
('8857708930747837','AmericanExpress','2021-09-01','MASSIMILIANO BRUNI'),
('0834501456203566','Maestro','2026-07-01','UGO ROSSI'),
('6771916272765139','Mastercard','2021-03-01','UGO VERDI'),
('9265324442792373','Visa','2022-08-01','UGO BIANCO'),
('7858324115951064','AmericanExpress','2024-05-01','UGO NERI'),
('0891347463652810','Maestro','2024-01-01','UGO TOTTI'),
('5522174823630352','Mastercard','2022-08-01','UGO CASSANO'),
('7225910850790534','Visa','2023-02-01','UGO RENZI'),
('4859254139582796','AmericanExpress','2021-02-01','UGO BERLUSCONI'),
('7190341753324129','Maestro','2026-05-01','UGO GARIBALDI'),
('7456807743136301','Mastercard','2023-07-01','UGO BRUNI'),
('4293148205593287','Visa','2023-05-01','LUCIA ROSSI'),
('1435526892959450','AmericanExpress','2027-03-01','LUCIA VERDI'),
('8013222703133709','Maestro','2022-04-01','LUCIA BIANCO'),
('8378379391828018','Mastercard','2022-09-01','LUCIA NERI'),
('6093008763565839','Visa','2021-08-01','LUCIA TOTTI'),
('3976458615519645','AmericanExpress','2020-06-01','LUCIA CASSANO'),
('5326826639456253','Maestro','2025-08-01','LUCIA RENZI'),
('6144626825510151','Mastercard','2023-02-01','LUCIA BERLUSCONI'),
('0024336282343436','Visa','2024-01-01','LUCIA GARIBALDI'),
('7398008805143639','AmericanExpress','2027-07-01','LUCIA BRUNI'),
('9823402319898913','Maestro','2023-08-01','MARCO ROSSI'),
('4253892870148193','Mastercard','2023-07-01','MARCO VERDI'),
('7980147555092824','Visa','2022-02-01','MARCO BIANCO'),
('4405115908387269','AmericanExpress','2024-01-01','MARCO NERI'),
('1033848015413735','Maestro','2022-09-01','MARCO TOTTI'),
('6908936069789415','Mastercard','2026-04-01','MARCO CASSANO'),
('6667140612149523','Visa','2026-02-01','MARCO RENZI'),
('5231688277126049','AmericanExpress','2027-04-01','MARCO BERLUSCONI'),
('0362458812149824','Maestro','2022-09-01','MARCO GARIBALDI'),
('9983869866238262','Mastercard','2025-02-01','MARCO BRUNI'),
('7827802089282055','Visa','2025-01-01','MARIO ROSSI'),
('6787816095890007','AmericanExpress','2027-09-01','MARIO VERDI'),
('5214864689835515','Maestro','2020-09-01','MARIO BIANCO'),
('4054721499030350','Mastercard','2020-02-01','MARIO NERI'),
('7836441955747340','Visa','2023-05-01','MARIO TOTTI'),
('1523246662904931','AmericanExpress','2026-04-01','MARIO CASSANO'),
('9555605946349053','Maestro','2021-04-01','MARIO RENZI'),
('2881860249022154','Mastercard','2021-06-01','MARIO BERLUSCONI'),
('2504212779554034','Visa','2026-05-01','MARIO GARIBALDI'),
('2982278583944698','AmericanExpress','2025-05-01','MARIO BRUNI'),
('6072726471321638','Maestro','2026-01-01','MARIA ROSSI'),
('8601260546793478','Mastercard','2020-05-01','MARIA VERDI'),
('6387617237858587','Visa','2021-02-01','MARIA BIANCO'),
('1081092491573342','AmericanExpress','2022-07-01','MARIA NERI'),
('1277024103739597','Maestro','2020-09-01','MARIA TOTTI'),
('2867081830362028','Mastercard','2022-01-01','MARIA CASSANO'),
('8375817048813678','Visa','2024-05-01','MARIA RENZI'),
('5566300882306509','AmericanExpress','2022-05-01','MARIA BERLUSCONI'),
('2829448272584739','Maestro','2021-04-01','MARIA GARIBALDI'),
('9028314310407908','Mastercard','2027-01-01','MARIA BRUNI'),
('0795382321040759','Visa','2024-05-01','GIANNI ROSSI'),
('1209891733076602','AmericanExpress','2026-09-01','GIANNI VERDI'),
('8999420878730764','Maestro','2026-03-01','GIANNI BIANCO'),
('9160336221432605','Mastercard','2025-08-01','GIANNI NERI'),
('6082740760129385','Visa','2022-05-01','GIANNI TOTTI'),
('6688987079158639','AmericanExpress','2023-05-01','GIANNI CASSANO'),
('3823948513281646','Maestro','2025-04-01','GIANNI RENZI'),
('9641926315970261','Mastercard','2021-06-01','GIANNI BERLUSCONI'),
('2534075531888017','Visa','2026-09-01','GIANNI GARIBALDI'),
('5909354272672201','AmericanExpress','2024-01-01','GIANNI BRUNI'),
('5918178669926658','Maestro','2024-01-01','CARLA ROSSI'),
('3783112576216115','Mastercard','2028-08-01','CARLA VERDI'),
('8564984325383270','Visa','2020-02-01','CARLA BIANCO'),
('0119536315340317','AmericanExpress','2028-03-01','CARLA NERI'),
('3529126170152290','Maestro','2028-06-01','CARLA TOTTI'),
('8368861667049894','Mastercard','2028-08-01','CARLA CASSANO'),
('7564868780956900','Visa','2021-01-01','CARLA RENZI'),
('5580177467074121','AmericanExpress','2028-05-01','CARLA BERLUSCONI'),
('5714768230278859','Maestro','2023-05-01','CARLA GARIBALDI'),
('3471371275344551','Mastercard','2024-02-01','CARLA BRUNI');

insert into Metodi_pagamento (Cliente, CartaDiCredito) values
('francesco.rossi@libero.com','1740948824551711'),
('francesco.verdi@hotmail.com','7614232216857618'),
('francesco.bianco@icloud.com','7954312334113874'),
('francesco.neri@gmail.com','7931986502860248'),
('francesco.totti@libero.com','0900613893446066'),
('francesco.cassano@hotmail.com','4963788291359840'),
('francesco.renzi@icloud.com','3615420973726016'),
('francesco.berlusconi@gmail.com','5412001460717777'),
('francesco.garibaldi@libero.com','5998182660380125'),
('francesco.bruni@hotmail.com','4783512016406189'),
('alberto.rossi@icloud.com','1439880877838371'),
('alberto.verdi@gmail.com','3496510996834849'),
('alberto.bianco@libero.com','5533374380880681'),
('alberto.neri@hotmail.com','9722828907815861'),
('alberto.totti@icloud.com','2586265392461821'),
('alberto.cassano@gmail.com','7629520039181953'),
('alberto.renzi@libero.com','2586772294196982'),
('alberto.berlusconi@hotmail.com','4912508393967997'),
('alberto.garibaldi@icloud.com','3576658254416163'),
('alberto.bruni@gmail.com','5328253618621462'),
('massimiliano.rossi@libero.com','5036492934405963'),
('massimiliano.verdi@hotmail.com','8875812574444429'),
('massimiliano.bianco@icloud.com','7787303825203729'),
('massimiliano.neri@gmail.com','3432113253512226'),
('massimiliano.totti@libero.com','7034005310675004'),
('massimiliano.cassano@hotmail.com','9564821683148492'),
('massimiliano.renzi@icloud.com','0607056738492657'),
('massimiliano.berlusconi@gmail.com','5798302236715540'),
('massimiliano.garibaldi@libero.com','0611173004830129'),
('massimiliano.bruni@hotmail.com','8857708930747837'),
('ugo.rossi@icloud.com','0834501456203566'),
('ugo.verdi@gmail.com','6771916272765139'),
('ugo.bianco@libero.com','9265324442792373'),
('ugo.neri@hotmail.com','7858324115951064'),
('ugo.totti@icloud.com','0891347463652810'),
('ugo.cassano@gmail.com','5522174823630352'),
('ugo.renzi@libero.com','7225910850790534'),
('ugo.berlusconi@hotmail.com','4859254139582796'),
('ugo.garibaldi@icloud.com','7190341753324129'),
('ugo.bruni@gmail.com','7456807743136301'),
('lucia.rossi@libero.com','4293148205593287'),
('lucia.verdi@hotmail.com','1435526892959450'),
('lucia.bianco@icloud.com','8013222703133709'),
('lucia.neri@gmail.com','8378379391828018'),
('lucia.totti@libero.com','6093008763565839'),
('lucia.cassano@hotmail.com','3976458615519645'),
('lucia.renzi@icloud.com','5326826639456253'),
('lucia.berlusconi@gmail.com','6144626825510151'),
('lucia.garibaldi@libero.com','0024336282343436'),
('lucia.bruni@hotmail.com','7398008805143639'),
('marco.rossi@icloud.com','9823402319898913'),
('marco.verdi@gmail.com','4253892870148193'),
('marco.bianco@libero.com','7980147555092824'),
('marco.neri@hotmail.com','4405115908387269'),
('marco.totti@icloud.com','1033848015413735'),
('marco.cassano@gmail.com','6908936069789415'),
('marco.renzi@libero.com','6667140612149523'),
('marco.berlusconi@hotmail.com','5231688277126049'),
('marco.garibaldi@icloud.com','0362458812149824'),
('marco.bruni@gmail.com','9983869866238262'),
('mario.rossi@libero.com','7827802089282055'),
('mario.verdi@hotmail.com','6787816095890007'),
('mario.bianco@icloud.com','5214864689835515'),
('mario.neri@gmail.com','4054721499030350'),
('mario.totti@libero.com','7836441955747340'),
('mario.cassano@hotmail.com','1523246662904931'),
('mario.renzi@icloud.com','9555605946349053'),
('mario.berlusconi@gmail.com','2881860249022154'),
('mario.garibaldi@libero.com','2504212779554034'),
('mario.bruni@hotmail.com','2982278583944698'),
('maria.rossi@icloud.com','6072726471321638'),
('maria.verdi@gmail.com','8601260546793478'),
('maria.bianco@libero.com','6387617237858587'),
('maria.neri@hotmail.com','1081092491573342'),
('maria.totti@icloud.com','1277024103739597'),
('maria.cassano@gmail.com','2867081830362028'),
('maria.renzi@libero.com','8375817048813678'),
('maria.berlusconi@hotmail.com','5566300882306509'),
('maria.garibaldi@icloud.com','2829448272584739'),
('maria.bruni@gmail.com','9028314310407908'),
('gianni.rossi@libero.com','0795382321040759'),
('gianni.verdi@hotmail.com','1209891733076602'),
('gianni.bianco@icloud.com','8999420878730764'),
('gianni.neri@gmail.com','9160336221432605'),
('gianni.totti@libero.com','6082740760129385'),
('gianni.cassano@hotmail.com','6688987079158639'),
('gianni.renzi@icloud.com','3823948513281646'),
('gianni.berlusconi@gmail.com','9641926315970261'),
('gianni.garibaldi@libero.com','2534075531888017'),
('gianni.bruni@hotmail.com','5909354272672201'),
('carla.rossi@icloud.com','5918178669926658'),
('carla.verdi@gmail.com','3783112576216115'),
('carla.bianco@libero.com','8564984325383270'),
('carla.neri@hotmail.com','0119536315340317'),
('carla.totti@icloud.com','3529126170152290'),
('carla.cassano@gmail.com','8368861667049894'),
('carla.renzi@libero.com','7564868780956900'),
('carla.berlusconi@hotmail.com','5580177467074121'),
('carla.garibaldi@icloud.com','5714768230278859'),
('carla.bruni@gmail.com','3471371275344551');

insert into Ristorante (ID, Nome, Affiliato, PercentualeSconto, Mail, Telefono, CAP, Via, Città, Ncivico ,Stato, PunteggioMedio) values
(1,'da Luigi',false,null,'luigi@gmail.com','+39 3477426896','43234','Po','Milano','32','Italia',null),
(2,'da Cracco',true,6,'cracco@gmail.com','+39 3486426896','43244','Brenta','Padova','23','Italia',null),
(3,'da Piero',true,8,'piero@gmail.com','+39 3498726896','55674','Adige','Venezia','2','Italia',null),
(4,'da Marco',false,null,'marco@gmail.com','+39 3123426896','77754','Ticino','Roma','123','Italia',null),
(5,'da Canavacciuolo',true,11,'canavac@gmail.com','+39 3454326896','56755','Leopardi','Napoli','32','Italia',null),
(6,'da Pino',false,null,'pino@gmail.com','+39 3586426896','55356','Foscolo','Ancona','45','Italia',null),
(7,'da Paolo',true,7,'paolo@gmail.com','+39 3486477896','67895','Manzoni','Mestre','67','Italia',null),
(8,'da Giulia',true,12,'giulia@gmail.com','+39 3444426896','34568','Dante','Milano','52','Italia',null),
(9,'da Roberta',true,14,'rob@gmail.com','+39 3486426296','24684','Garibaldi','Roma','3','Italia',null),
(10,'da Mina',true,15,'mian@gmail.com','+39 3482226896','45356','Po','Padova','4','Italia',null);

insert into Piatto (Nome, Ristorante, Prezzo) values
('Pasta_alla_carbonara',1,11.74),
('Pasta_alla_carbonara',2,10.94),
('Pasta_alla_carbonara',3,18.82),
('Pasta_alla_carbonara',4,14.55),
('Pasta_alla_carbonara',5,11.71),
('Pasta_alla_carbonara',6,11.52),
('Pasta_alla_carbonara',7,17.61),
('Pasta_alla_carbonara',8,14.23),
('Pasta_alla_carbonara',9,12.21),
('Pasta_alla_carbonara',10,16.85),
('Pasta_al_pomodoro',1,17.61),
('Pasta_al_pomodoro',2,18.92),
('Pasta_al_pomodoro',3,17.95),
('Pasta_al_pomodoro',4,14.31),
('Pasta_al_pomodoro',5,12.33),
('Pasta_al_pomodoro',6,14.11),
('Pasta_al_pomodoro',7,13.87),
('Pasta_al_pomodoro',8,14.27),
('Pasta_al_pomodoro',9,17.93),
('Pasta_al_pomodoro',10,11.98),
('Pasta_al_pesto',1,16.50),
('Pasta_al_pesto',2,12.86),
('Pasta_al_pesto',3,10.24),
('Pasta_al_pesto',4,18.65),
('Pasta_al_pesto',5,10.90),
('Pasta_al_pesto',6,10.61),
('Pasta_al_pesto',7,13.89),
('Pasta_al_pesto',8,13.44),
('Pasta_al_pesto',9,16.06),
('Pasta_al_pesto',10,16.18),
('Hamburger',1,14.96),
('Hamburger',2,13.78),
('Hamburger',3,18.29),
('Hamburger',4,11.35),
('Hamburger',5,19.84),
('Hamburger',6,10.76),
('Hamburger',7,13.61),
('Hamburger',8,15.42),
('Hamburger',9,10.97),
('Hamburger',10,13.72),
('Pesce_fritto',1,16.01),
('Pesce_fritto',2,16.57),
('Pesce_fritto',3,15.41),
('Pesce_fritto',4,12.00),
('Pesce_fritto',5,11.46),
('Pesce_fritto',6,10.71),
('Pesce_fritto',7,17.77),
('Pesce_fritto',8,17.33),
('Pesce_fritto',9,15.99),
('Pesce_fritto',10,18.18),
('Kebab',1,12.66),
('Kebab',2,10.38),
('Kebab',3,10.12),
('Kebab',4,15.09),
('Kebab',5,14.78),
('Kebab',6,13.51),
('Kebab',7,12.01),
('Kebab',8,16.40),
('Kebab',9,16.18),
('Kebab',10,19.84),
('Macedonia',1,11.43),
('Macedonia',2,19.88),
('Macedonia',3,10.87),
('Macedonia',4,17.83),
('Macedonia',5,18.37),
('Macedonia',6,11.07),
('Macedonia',7,13.49),
('Macedonia',8,16.51),
('Macedonia',9,10.99),
('Macedonia',10,16.83),
('Tiramisu',1,14.84),
('Tiramisu',2,19.92),
('Tiramisu',3,15.53),
('Tiramisu',4,13.37),
('Tiramisu',5,14.38),
('Tiramisu',6,10.88),
('Tiramisu',7,10.68),
('Tiramisu',8,11.98),
('Tiramisu',9,19.72),
('Tiramisu',10,12.82),
('Profitterol',1,18.90),
('Profitterol',2,17.81),
('Profitterol',3,15.86),
('Profitterol',4,11.24),
('Profitterol',5,12.58),
('Profitterol',6,16.26),
('Profitterol',7,15.39),
('Profitterol',8,12.46),
('Profitterol',9,11.82),
('Profitterol',10,11.19),
('Torta',1,17.62),
('Torta',2,19.52),
('Torta',3,10.03),
('Torta',4,19.18),
('Torta',5,11.95),
('Torta',6,13.25),
('Torta',7,12.58),
('Torta',8,16.77),
('Torta',9,12.29),
('Torta',10,14.19);

insert into Allergie_piatti (Piatto, Ristorante, Allergene) values
('Pasta_alla_carbonara',1,'Glutine'),
('Pasta_alla_carbonara',1,'Uova'),
('Pasta_alla_carbonara',2,'Glutine'),
('Pasta_alla_carbonara',2,'Uova'),
('Pasta_alla_carbonara',3,'Uova'),
('Pasta_alla_carbonara',4,'Glutine'),
('Pasta_alla_carbonara',4,'Uova'),
('Pasta_alla_carbonara',5,'Glutine'),
('Pasta_alla_carbonara',5,'Uova'),
('Pasta_alla_carbonara',6,'Glutine'),
('Pasta_alla_carbonara',6,'Uova'),
('Pasta_alla_carbonara',8,'Glutine'),
('Pasta_alla_carbonara',8,'Uova'),
('Pasta_alla_carbonara',9,'Uova'),
('Pasta_alla_carbonara',10,'Uova'),
('Pasta_al_pomodoro',1,'Glutine'),
('Pasta_al_pomodoro',2,'Glutine'),
('Pasta_al_pomodoro',4,'Glutine'),
('Pasta_al_pomodoro',5,'Glutine'),
('Pasta_al_pomodoro',8,'Glutine'),
('Pasta_al_pomodoro',10,'Glutine'),
('Pasta_al_pesto',1,'Glutine'),
('Pasta_al_pesto',2,'Glutine'),
('Pasta_al_pesto',4,'Glutine'),
('Pasta_al_pesto',5,'Glutine'),
('Pasta_al_pesto',7,'Glutine'),
('Pasta_al_pesto',8,'Glutine'),
('Pasta_al_pesto',10,'Glutine'),
('Macedonia',1,'Fragole'),
('Macedonia',1,'Kiwi'),
('Macedonia',2,'Fragole'),
('Macedonia',2,'Kiwi'),
('Macedonia',3,'Fragole'),
('Macedonia',4,'Ananas'),
('Macedonia',5,'Fragole'),
('Macedonia',5,'Kiwi'),
('Macedonia',6,'Ananas'),
('Macedonia',7,'Fragole'),
('Macedonia',7,'Ananas'),
('Macedonia',8,'Fragole'),
('Macedonia',8,'Ananas'),
('Macedonia',9,'Fragole'),
('Macedonia',10,'Fragole'),
('Macedonia',10,'Ananas');

insert into Giorno (Ristorante, Data, OraApertura, OraChiusura) values
(1,'2020-05-10','17:50','21:40'),
(2,'2020-05-10','20:40','00:00'),
(3,'2020-05-10','13:20','17:50'),
(4,'2020-05-10','07:30','11:50'),
(5,'2020-05-10','16:20','18:00'),
(6,'2020-05-10','12:00','16:30'),
(7,'2020-05-10','13:40','17:20'),
(8,'2020-05-10','14:50','18:00'),
(9,'2020-05-10','17:00','21:40'),
(10,'2020-05-10','08:10','16:00'),
(1,'2020-05-11','14:30','18:30'),
(2,'2020-05-11','09:20','12:10'),
(3,'2020-05-11','14:40','18:20'),
(4,'2020-05-11','13:30','18:10'),
(5,'2020-05-11','14:30','18:40'),
(6,'2020-05-11','07:50','11:00'),
(7,'2020-05-11','09:40','16:20'),
(8,'2020-05-11','10:40','17:30'),
(9,'2020-05-11','11:30','16:20'),
(10,'2020-05-11','12:30','16:20'),
(1,'2020-05-12','15:50','19:40'),
(2,'2020-05-12','12:20','16:20'),
(3,'2020-05-12','17:40','21:30'),
(4,'2020-05-12','17:10','21:40'),
(5,'2020-05-12','14:00','15:50'),
(6,'2020-05-12','09:50','10:00'),
(7,'2020-05-12','15:00','18:20'),
(8,'2020-05-12','14:00','17:50'),
(9,'2020-05-12','20:40','00:30'),
(10,'2020-05-12','08:30','18:00'),
(1,'2020-05-13','07:00','17:00'),
(2,'2020-05-13','11:50','15:40'),
(3,'2020-05-13','17:40','21:40'),
(4,'2020-05-13','12:40','16:40'),
(5,'2020-05-13','18:50','22:30'),
(6,'2020-05-13','13:50','17:30'),
(7,'2020-05-13','11:50','15:20'),
(8,'2020-05-13','17:00','21:40'),
(9,'2020-05-13','17:40','21:20'),
(10,'2020-05-13','06:50','18:50'),
(1,'2020-05-14','16:50','20:50'),
(2,'2020-05-14','14:30','16:30'),
(3,'2020-05-14','08:20','12:20'),
(4,'2020-05-14','20:40','00:30'),
(5,'2020-05-14','09:30','13:40'),
(6,'2020-05-14','07:00','14:10'),
(7,'2020-05-14','09:20','13:20'),
(8,'2020-05-14','13:50','14:10'),
(9,'2020-05-14','09:10','13:30'),
(10,'2020-05-14','06:50','19:40'),
(1,'2020-05-15','20:20','00:30'),
(2,'2020-05-15','11:50','15:20'),
(3,'2020-05-15','19:30','20:40'),
(4,'2020-05-15','15:50','19:20'),
(5,'2020-05-15','06:10','09:30'),
(6,'2020-05-15','19:30','23:50'),
(7,'2020-05-15','14:00','18:00'),
(8,'2020-05-15','06:20','14:50'),
(9,'2020-05-15','20:20','00:10'),
(10,'2020-05-15','18:00','19:40'),
(1,'2020-05-16','14:50','16:50'),
(2,'2020-05-16','14:50','18:40'),
(3,'2020-05-16','07:30','08:00'),
(4,'2020-05-16','08:30','09:20'),
(5,'2020-05-16','13:20','17:50'),
(6,'2020-05-16','10:00','15:00'),
(7,'2020-05-16','17:00','21:30'),
(8,'2020-05-16','07:50','08:00'),
(9,'2020-05-16','13:50','17:20'),
(10,'2020-05-16','11:20','15:10'),
(1,'2020-05-17','17:00','21:30'),
(2,'2020-05-17','06:10','13:10'),
(3,'2020-05-17','08:10','19:40'),
(4,'2020-05-17','18:30','22:20'),
(5,'2020-05-17','20:00','00:50'),
(6,'2020-05-17','17:30','19:00'),
(7,'2020-05-17','11:10','20:10'),
(8,'2020-05-17','07:20','16:00'),
(9,'2020-05-17','19:30','20:30'),
(10,'2020-05-17','10:40','13:10'),
(1,'2020-05-18','10:10','12:10'),
(2,'2020-05-18','19:50','23:40'),
(3,'2020-05-18','17:10','21:40'),
(4,'2020-05-18','11:00','15:10'),
(5,'2020-05-18','17:10','21:50'),
(6,'2020-05-18','14:10','18:10'),
(7,'2020-05-18','18:20','22:50'),
(8,'2020-05-18','14:00','18:40'),
(9,'2020-05-18','12:40','16:40'),
(10,'2020-05-18','12:20','16:10'),
(1,'2020-05-19','06:20','19:20'),
(2,'2020-05-19','20:50','00:30'),
(3,'2020-05-19','09:20','15:20'),
(4,'2020-05-19','11:30','15:30'),
(5,'2020-05-19','10:20','14:20'),
(6,'2020-05-19','13:50','17:50'),
(7,'2020-05-19','08:10','12:40'),
(8,'2020-05-19','20:00','00:20'),
(9,'2020-05-19','18:50','19:20'),
(10,'2020-05-19','08:10','09:50');

insert into Rider (CF, Nome, Cognome, Mail, Telefono, Dipendente, IBAN, Stipendio, Ristorante) values
('MTTBNC34A66V527X','Matteo','Bianchi','matteo.bianchi@gmail.com','+39 3836522468',true,'IT6354896053422947635637825',1500,2),
('GLARSA03B62J897Z','Giulia','Rosa','giulia.rosa@gmail.com','+39 3647849243',false,'IT3654789876351423567438762',null,null),
('GRGCLN87E34T365G','Giorgio','Chiellini','giorgio.chiellini@icloud.com','+39 3645827539',false,'IT3645278690546385137804318',null,null),
('EZIADT45C10H374L','Ezio','Auditore','ezio.auditore@hotmail.com','+39 3865016352',true,'IT6452087513647839215478563',2500,3),
('CRLCNT35T72C638R','Carlo','Conti','carlo.conti@icloud.com','+39 3648925364',true,'IT3746539020546385137804318',4000,5),
('LTRLMB65F83T395O','Elettra','Lamborghini','elettra.lamborghini@gmail.com','+39 3647911034',true,'IT2874563904546385137804318',2700,7),
('MRZRSS52R27T296A','Maurizio','Rossi','maurizio.rossi@gmail.com','+39 3640165399',false,'IT2894036542427947636637825',null,null),
('UGOFSL64D65G537R','Ugo','Foscolo','ugo.Foscolo@hotmail.com','+39 3648352865',true,'IT6352876453427947636637825',3000,8),
('MNLMOR96R27S309Y','Emanuela','Mori','emanuela.mori@gmail.com','+39 3610926473',true,'IT3746896053422947635637825',2000,9),
('RBTRBT73P38P104S','Roberto','Ruberti','roberto.ruberti@icloud.com','+39 3109465278',true,'IT2758436053422947635637825',1700,10);

insert into Ordine (ID, DataoraPagamento, Spedizione, DataoraRitiro, Cliente, CartaDiCredito, Ristorante) values
(0,'2020-05-14 19:47:00',false,'2020-05-14 20:47:00','mario.bruni@hotmail.com','2982278583944698',5),
(1,'2020-05-12 16:18:00',false,'2020-05-12 17:18:00','francesco.cassano@hotmail.com','4963788291359840',6),
(2,'2020-05-11 05:27:00',false,'2020-05-11 14:27:00','carla.cassano@gmail.com','8368861667049894',3),
(3,'2020-05-11 09:36:00',false,'2020-05-11 10:36:00','francesco.bianco@icloud.com','7954312334113874',4),
(4,'2020-05-11 06:22:00',false,'2020-05-11 07:22:00','alberto.garibaldi@icloud.com','3576658254416163',6),
(5,'2020-05-11 13:06:00',false,'2020-05-11 14:06:00','mario.bruni@hotmail.com','2982278583944698',3),
(6,'2020-05-15 15:19:00',false,'2020-05-15 16:19:00','francesco.neri@gmail.com','7931986502860248',2),
(7,'2020-05-13 16:33:00',false,'2020-05-13 17:33:00','lucia.verdi@hotmail.com','1435526892959450',2),
(8,'2020-05-17 05:28:00',false,'2020-05-17 09:28:00','mario.bianco@icloud.com','5214864689835515',8),
(9,'2020-05-13 17:19:00',true,null,'massimiliano.bruni@hotmail.com','8857708930747837',9),
(10,'2020-05-10 18:35:00',false,'2020-05-10 19:35:00','gianni.garibaldi@libero.com','2534075531888017',7),
(11,'2020-05-14 20:02:00',false,'2020-05-14 21:02:00','lucia.renzi@icloud.com','5326826639456253',6),
(12,'2020-05-10 06:09:00',false,'2020-05-10 07:09:00','francesco.renzi@icloud.com','3615420973726016',2),
(13,'2020-05-19 17:08:00',true,null,'gianni.totti@libero.com','6082740760129385',5),
(14,'2020-05-16 12:20:00',false,'2020-05-16 13:20:00','ugo.verdi@gmail.com','6771916272765139',9),
(15,'2020-05-16 04:39:00',false,'2020-05-16 12:39:00','ugo.berlusconi@hotmail.com','4859254139582796',9),
(16,'2020-05-19 14:42:00',true,null,'ugo.neri@hotmail.com','7858324115951064',6),
(17,'2020-05-14 19:18:00',false,'2020-05-14 20:18:00','maria.berlusconi@hotmail.com','5566300882306509',7),
(18,'2020-05-11 15:06:00',true,null,'massimiliano.totti@libero.com','7034005310675004',3),
(19,'2020-05-17 00:09:00',true,null,'carla.berlusconi@hotmail.com','5580177467074121',3),
(20,'2020-05-11 06:30:00',false,'2020-05-11 07:30:00','marco.cassano@gmail.com','6908936069789415',8),
(21,'2020-05-11 05:34:00',false,'2020-05-11 06:34:00','marco.rossi@icloud.com','9823402319898913',1),
(22,'2020-05-16 01:04:00',false,'2020-05-16 10:04:00','francesco.berlusconi@gmail.com','5412001460717777',2),
(23,'2020-05-17 11:57:00',true,null,'marco.neri@hotmail.com','4405115908387269',4),
(24,'2020-05-19 07:29:00',false,'2020-05-19 08:29:00','massimiliano.verdi@hotmail.com','8875812574444429',9),
(25,'2020-05-16 20:46:00',false,'2020-05-16 21:46:00','alberto.neri@hotmail.com','9722828907815861',9),
(26,'2020-05-12 20:11:00',false,'2020-05-12 20:41:00','alberto.rossi@icloud.com','1439880877838371',10),
(27,'2020-05-18 14:17:00',false,'2020-05-18 15:17:00','carla.cassano@gmail.com','8368861667049894',2),
(28,'2020-05-11 16:50:00',false,'2020-05-11 17:50:00','maria.totti@icloud.com','1277024103739597',1),
(29,'2020-05-18 20:21:00',false,'2020-05-18 21:21:00','mario.garibaldi@libero.com','2504212779554034',5),
(30,'2020-05-13 09:54:00',true,null,'alberto.garibaldi@icloud.com','3576658254416163',9),
(31,'2020-05-17 14:08:00',false,'2020-05-17 15:08:00','massimiliano.garibaldi@libero.com','0611173004830129',4),
(32,'2020-05-17 08:43:00',false,'2020-05-17 09:43:00','alberto.rossi@icloud.com','1439880877838371',8),
(33,'2020-05-19 21:34:00',false,'2020-05-19 22:34:00','ugo.cassano@gmail.com','5522174823630352',2),
(34,'2020-05-19 08:29:00',false,'2020-05-19 09:29:00','carla.garibaldi@icloud.com','5714768230278859',4),
(35,'2020-05-14 20:28:00',false,'2020-05-14 21:28:00','gianni.bruni@hotmail.com','5909354272672201',3),
(36,'2020-05-13 05:25:00',false,'2020-05-13 09:25:00','massimiliano.neri@gmail.com','3432113253512226',8),
(37,'2020-05-18 10:23:00',false,'2020-05-18 11:23:00','marco.garibaldi@icloud.com','0362458812149824',9),
(38,'2020-05-18 10:56:00',false,'2020-05-18 11:56:00','gianni.bruni@hotmail.com','5909354272672201',9),
(39,'2020-05-12 03:37:00',false,'2020-05-12 10:37:00','ugo.garibaldi@icloud.com','7190341753324129',3),
(40,'2020-05-10 10:59:00',false,'2020-05-10 11:59:00','marco.garibaldi@icloud.com','0362458812149824',2),
(41,'2020-05-16 15:28:00',true,null,'francesco.bianco@icloud.com','7954312334113874',5),
(42,'2020-05-18 06:15:00',false,'2020-05-18 07:15:00','mario.bianco@icloud.com','5214864689835515',7),
(43,'2020-05-19 21:53:00',false,'2020-05-19 22:53:00','lucia.totti@libero.com','6093008763565839',7),
(44,'2020-05-12 13:18:00',false,'2020-05-12 14:18:00','massimiliano.verdi@hotmail.com','8875812574444429',10),
(45,'2020-05-12 15:36:00',false,'2020-05-12 16:36:00','maria.cassano@gmail.com','2867081830362028',3),
(46,'2020-05-13 04:50:00',true,null,'mario.verdi@hotmail.com','6787816095890007',9),
(47,'2020-05-15 03:09:00',true,null,'francesco.bianco@icloud.com','7954312334113874',6),
(48,'2020-05-18 04:25:00',false,'2020-05-18 12:25:00','alberto.berlusconi@hotmail.com','4912508393967997',8),
(49,'2020-05-19 20:32:00',false,'2020-05-19 21:32:00','massimiliano.verdi@hotmail.com','8875812574444429',10),
(50,'2020-05-18 00:09:00',false,'2020-05-18 09:09:00','massimiliano.cassano@hotmail.com','9564821683148492',6),
(51,'2020-05-11 02:49:00',false,'2020-05-11 08:49:00','lucia.cassano@hotmail.com','3976458615519645',1),
(52,'2020-05-19 04:33:00',true,null,'maria.bruni@gmail.com','9028314310407908',7),
(53,'2020-05-19 11:49:00',false,'2020-05-19 12:49:00','mario.renzi@icloud.com','9555605946349053',10),
(54,'2020-05-17 17:35:00',false,'2020-05-17 18:35:00','gianni.renzi@icloud.com','3823948513281646',6),
(55,'2020-05-15 02:22:00',false,'2020-05-15 10:22:00','alberto.totti@icloud.com','2586265392461821',2),
(56,'2020-05-16 10:31:00',true,null,'alberto.neri@hotmail.com','9722828907815861',6),
(57,'2020-05-12 11:13:00',false,'2020-05-12 12:13:00','ugo.bianco@libero.com','9265324442792373',6),
(58,'2020-05-11 01:36:00',false,'2020-05-11 12:36:00','lucia.renzi@icloud.com','5326826639456253',3),
(59,'2020-05-16 19:04:00',false,'2020-05-16 20:04:00','massimiliano.bruni@hotmail.com','8857708930747837',2),
(60,'2020-05-13 13:50:00',false,'2020-05-13 14:50:00','lucia.totti@libero.com','6093008763565839',10),
(61,'2020-05-13 02:39:00',false,'2020-05-13 09:39:00','marco.totti@icloud.com','1033848015413735',1),
(62,'2020-05-16 15:09:00',true,null,'maria.totti@icloud.com','1277024103739597',3),
(63,'2020-05-17 12:38:00',false,'2020-05-17 13:38:00','marco.garibaldi@icloud.com','0362458812149824',2),
(64,'2020-05-17 16:25:00',false,'2020-05-17 17:25:00','alberto.totti@icloud.com','2586265392461821',5),
(65,'2020-05-12 08:14:00',true,null,'ugo.neri@hotmail.com','7858324115951064',1),
(66,'2020-05-18 07:37:00',false,'2020-05-18 10:37:00','maria.neri@hotmail.com','1081092491573342',1),
(67,'2020-05-12 03:28:00',true,null,'francesco.bianco@icloud.com','7954312334113874',1),
(68,'2020-05-12 19:07:00',false,'2020-05-12 20:07:00','massimiliano.berlusconi@gmail.com','5798302236715540',6),
(69,'2020-05-13 03:04:00',false,'2020-05-13 08:04:00','mario.verdi@hotmail.com','6787816095890007',2),
(70,'2020-05-15 05:12:00',false,'2020-05-15 08:12:00','massimiliano.cassano@hotmail.com','9564821683148492',2),
(71,'2020-05-12 00:22:00',false,'2020-05-12 00:35:00','mario.totti@libero.com','7836441955747340',1),
(72,'2020-05-13 03:20:00',false,'2020-05-13 08:20:00','maria.rossi@icloud.com','6072726471321638',1),
(73,'2020-05-11 15:53:00',false,'2020-05-11 16:53:00','carla.renzi@libero.com','7564868780956900',8),
(74,'2020-05-10 03:10:00',false,'2020-05-10 09:10:00','carla.cassano@gmail.com','8368861667049894',5),
(75,'2020-05-16 13:25:00',false,'2020-05-16 14:25:00','marco.garibaldi@icloud.com','0362458812149824',3),
(76,'2020-05-18 13:26:00',true,null,'marco.verdi@gmail.com','4253892870148193',5),
(77,'2020-05-19 06:24:00',false,'2020-05-19 07:24:00','francesco.rossi@libero.com','1740948824551711',8),
(78,'2020-05-10 18:06:00',true,null,'maria.rossi@icloud.com','6072726471321638',6),
(79,'2020-05-13 06:47:00',false,'2020-05-13 07:47:00','mario.totti@libero.com','7836441955747340',10),
(80,'2020-05-15 06:46:00',false,'2020-05-15 09:46:00','maria.berlusconi@hotmail.com','5566300882306509',5),
(81,'2020-05-19 07:07:00',false,'2020-05-19 08:07:00','massimiliano.neri@gmail.com','3432113253512226',1),
(82,'2020-05-13 16:22:00',false,'2020-05-13 17:22:00','ugo.berlusconi@hotmail.com','4859254139582796',2),
(83,'2020-05-14 09:05:00',false,'2020-05-14 10:05:00','francesco.bianco@icloud.com','7954312334113874',7),
(84,'2020-05-11 14:46:00',false,'2020-05-11 15:46:00','alberto.verdi@gmail.com','3496510996834849',8),
(85,'2020-05-10 11:40:00',false,'2020-05-10 12:40:00','gianni.garibaldi@libero.com','2534075531888017',4),
(86,'2020-05-12 12:31:00',true,null,'francesco.rossi@libero.com','1740948824551711',4),
(87,'2020-05-15 16:58:00',false,'2020-05-15 17:58:00','maria.berlusconi@hotmail.com','5566300882306509',1),
(88,'2020-05-13 10:19:00',false,'2020-05-13 11:19:00','marco.berlusconi@hotmail.com','5231688277126049',5),
(89,'2020-05-13 09:08:00',false,'2020-05-13 10:08:00','francesco.verdi@hotmail.com','7614232216857618',1),
(90,'2020-05-13 06:48:00',false,'2020-05-13 07:48:00','francesco.cassano@hotmail.com','4963788291359840',1),
(91,'2020-05-15 03:24:00',false,'2020-05-15 13:24:00','maria.bianco@libero.com','6387617237858587',1),
(92,'2020-05-16 13:25:00',false,'2020-05-16 14:25:00','massimiliano.renzi@icloud.com','0607056738492657',8),
(93,'2020-05-17 12:37:00',true,null,'mario.bruni@hotmail.com','2982278583944698',2),
(94,'2020-05-17 04:02:00',false,'2020-05-17 11:02:00','alberto.berlusconi@hotmail.com','4912508393967997',7),
(95,'2020-05-13 13:41:00',true,null,'massimiliano.bruni@hotmail.com','8857708930747837',6),
(96,'2020-05-16 03:52:00',true,null,'marco.neri@hotmail.com','4405115908387269',3),
(97,'2020-05-14 20:34:00',false,'2020-05-14 21:34:00','marco.berlusconi@hotmail.com','5231688277126049',10),
(98,'2020-05-17 04:23:00',false,'2020-05-17 09:23:00','alberto.verdi@gmail.com','3496510996834849',6),
(99,'2020-05-15 13:48:00',false,'2020-05-15 14:48:00','massimiliano.neri@gmail.com','3432113253512226',3);

insert into Piatti_ordinati (Piatto, Ristorante, Ordine, Quantita) values
('Pasta_alla_carbonara',5,0,2),
('Pasta_al_pomodoro',5,0,3),
('Pasta_al_pesto',5,0,5),
('Hamburger',6,1,1),
('Pesce_fritto',6,1,5),
('Kebab',6,1,5),
('Macedonia',3,2,4),
('Tiramisu',3,2,4),
('Profitterol',3,2,3),
('Torta',4,3,5),
('Pasta_alla_carbonara',4,3,1),
('Pasta_al_pomodoro',4,3,1),
('Pasta_al_pesto',6,4,2),
('Hamburger',6,4,3),
('Pesce_fritto',6,4,2),
('Kebab',3,5,2),
('Macedonia',3,5,1),
('Tiramisu',3,5,3),
('Profitterol',2,6,3),
('Torta',2,6,2),
('Pasta_alla_carbonara',2,6,2),
('Pasta_al_pomodoro',2,7,5),
('Pasta_al_pesto',2,7,3),
('Hamburger',2,7,4),
('Pesce_fritto',8,8,3),
('Kebab',8,8,3),
('Macedonia',8,8,2),
('Tiramisu',9,9,2),
('Profitterol',9,9,4),
('Torta',9,9,1),
('Pasta_alla_carbonara',7,10,3),
('Pasta_al_pomodoro',7,10,2),
('Pasta_al_pesto',7,10,2),
('Hamburger',6,11,4),
('Pesce_fritto',6,11,5),
('Kebab',6,11,3),
('Macedonia',2,12,3),
('Tiramisu',2,12,5),
('Profitterol',2,12,1),
('Torta',5,13,5),
('Pasta_alla_carbonara',5,13,4),
('Pasta_al_pomodoro',5,13,2),
('Pasta_al_pesto',9,14,3),
('Hamburger',9,14,4),
('Pesce_fritto',9,14,4),
('Kebab',9,15,5),
('Macedonia',9,15,2),
('Tiramisu',9,15,2),
('Profitterol',6,16,4),
('Torta',6,16,4),
('Pasta_alla_carbonara',6,16,3),
('Pasta_al_pomodoro',7,17,5),
('Pasta_al_pesto',7,17,3),
('Hamburger',7,17,3),
('Pesce_fritto',3,18,3),
('Kebab',3,18,5),
('Macedonia',3,18,4),
('Tiramisu',3,19,2),
('Profitterol',3,19,5),
('Torta',3,19,4),
('Pasta_alla_carbonara',8,20,2),
('Pasta_al_pomodoro',8,20,1),
('Pasta_al_pesto',8,20,1),
('Hamburger',1,21,3),
('Pesce_fritto',1,21,4),
('Kebab',1,21,2),
('Macedonia',2,22,1),
('Tiramisu',2,22,3),
('Profitterol',2,22,5),
('Torta',4,23,4),
('Pasta_alla_carbonara',4,23,2),
('Pasta_al_pomodoro',4,23,1),
('Pasta_al_pesto',9,24,1),
('Hamburger',9,24,5),
('Pesce_fritto',9,24,1),
('Kebab',9,25,1),
('Macedonia',9,25,2),
('Tiramisu',9,25,2),
('Profitterol',10,26,4),
('Torta',10,26,4),
('Pasta_alla_carbonara',10,26,5),
('Pasta_al_pomodoro',2,27,4),
('Pasta_al_pesto',2,27,5),
('Hamburger',2,27,5),
('Pesce_fritto',1,28,2),
('Kebab',1,28,1),
('Macedonia',1,28,2),
('Tiramisu',5,29,2),
('Profitterol',5,29,2),
('Torta',5,29,4),
('Pasta_alla_carbonara',9,30,5),
('Pasta_al_pomodoro',9,30,5),
('Pasta_al_pesto',9,30,2),
('Hamburger',4,31,4),
('Pesce_fritto',4,31,3),
('Kebab',4,31,4),
('Macedonia',8,32,4),
('Tiramisu',8,32,3),
('Profitterol',8,32,5),
('Torta',2,33,2),
('Pasta_alla_carbonara',2,33,4),
('Pasta_al_pomodoro',2,33,1),
('Pasta_al_pesto',4,34,5),
('Hamburger',4,34,4),
('Pesce_fritto',4,34,5),
('Kebab',3,35,1),
('Macedonia',3,35,3),
('Tiramisu',3,35,2),
('Profitterol',8,36,4),
('Torta',8,36,2),
('Pasta_alla_carbonara',8,36,2),
('Pasta_al_pomodoro',9,37,1),
('Pasta_al_pesto',9,37,5),
('Hamburger',9,37,3),
('Pesce_fritto',9,38,1),
('Kebab',9,38,5),
('Macedonia',9,38,3),
('Tiramisu',3,39,4),
('Profitterol',3,39,3),
('Torta',3,39,3),
('Pasta_alla_carbonara',2,40,2),
('Pasta_al_pomodoro',2,40,1),
('Pasta_al_pesto',2,40,2),
('Hamburger',5,41,2),
('Pesce_fritto',5,41,1),
('Kebab',5,41,3),
('Macedonia',7,42,1),
('Tiramisu',7,42,5),
('Profitterol',7,42,2),
('Torta',7,43,3),
('Pasta_alla_carbonara',7,43,1),
('Pasta_al_pomodoro',7,43,1),
('Pasta_al_pesto',10,44,2),
('Hamburger',10,44,5),
('Pesce_fritto',10,44,2),
('Kebab',3,45,1),
('Macedonia',3,45,3),
('Tiramisu',3,45,2),
('Profitterol',9,46,3),
('Torta',9,46,3),
('Pasta_alla_carbonara',9,46,3),
('Pasta_al_pomodoro',6,47,3),
('Pasta_al_pesto',6,47,4),
('Hamburger',6,47,4),
('Pesce_fritto',8,48,1),
('Kebab',8,48,5),
('Macedonia',8,48,5),
('Tiramisu',10,49,4),
('Profitterol',10,49,2),
('Torta',10,49,4),
('Pasta_alla_carbonara',6,50,3),
('Pasta_al_pomodoro',6,50,2),
('Pasta_al_pesto',6,50,2),
('Hamburger',1,51,1),
('Pesce_fritto',1,51,4),
('Kebab',1,51,4),
('Macedonia',7,52,1),
('Tiramisu',7,52,2),
('Profitterol',7,52,3),
('Torta',10,53,1),
('Pasta_alla_carbonara',10,53,1),
('Pasta_al_pomodoro',10,53,5),
('Pasta_al_pesto',6,54,5),
('Hamburger',6,54,3),
('Pesce_fritto',6,54,4),
('Kebab',2,55,4),
('Macedonia',2,55,1),
('Tiramisu',2,55,2),
('Profitterol',6,56,3),
('Torta',6,56,1),
('Pasta_alla_carbonara',6,56,2),
('Pasta_al_pomodoro',6,57,2),
('Pasta_al_pesto',6,57,5),
('Hamburger',6,57,1),
('Pesce_fritto',3,58,2),
('Kebab',3,58,2),
('Macedonia',3,58,4),
('Tiramisu',2,59,5),
('Profitterol',2,59,4),
('Torta',2,59,5),
('Pasta_alla_carbonara',10,60,2),
('Pasta_al_pomodoro',10,60,5),
('Pasta_al_pesto',10,60,4),
('Hamburger',1,61,5),
('Pesce_fritto',1,61,4),
('Kebab',1,61,4),
('Macedonia',3,62,1),
('Tiramisu',3,62,4),
('Profitterol',3,62,3),
('Torta',2,63,3),
('Pasta_alla_carbonara',2,63,4),
('Pasta_al_pomodoro',2,63,4),
('Pasta_al_pesto',5,64,4),
('Hamburger',5,64,4),
('Pesce_fritto',5,64,3),
('Kebab',1,65,2),
('Macedonia',1,65,1),
('Tiramisu',1,65,3),
('Profitterol',1,66,4),
('Torta',1,66,5),
('Pasta_alla_carbonara',1,66,5),
('Pasta_al_pomodoro',1,67,2),
('Pasta_al_pesto',1,67,1),
('Hamburger',1,67,2),
('Pesce_fritto',6,68,1),
('Kebab',6,68,5),
('Macedonia',6,68,5),
('Tiramisu',2,69,2),
('Profitterol',2,69,4),
('Torta',2,69,4),
('Pasta_alla_carbonara',2,70,5),
('Pasta_al_pomodoro',2,70,4),
('Pasta_al_pesto',2,70,5),
('Hamburger',1,71,5),
('Pesce_fritto',1,71,5),
('Kebab',1,71,3),
('Macedonia',1,72,1),
('Tiramisu',1,72,1),
('Profitterol',1,72,4),
('Torta',8,73,4),
('Pasta_alla_carbonara',8,73,4),
('Pasta_al_pomodoro',8,73,3),
('Pasta_al_pesto',5,74,5),
('Hamburger',5,74,4),
('Pesce_fritto',5,74,4),
('Kebab',3,75,1),
('Macedonia',3,75,4),
('Tiramisu',3,75,4),
('Profitterol',5,76,1),
('Torta',5,76,2),
('Pasta_alla_carbonara',5,76,4),
('Pasta_al_pomodoro',8,77,2),
('Pasta_al_pesto',8,77,5),
('Hamburger',8,77,4),
('Pesce_fritto',6,78,5),
('Kebab',6,78,3),
('Macedonia',6,78,3),
('Tiramisu',10,79,3),
('Profitterol',10,79,4),
('Torta',10,79,3),
('Pasta_alla_carbonara',5,80,4),
('Pasta_al_pomodoro',5,80,5),
('Pasta_al_pesto',5,80,1),
('Hamburger',1,81,3),
('Pesce_fritto',1,81,4),
('Kebab',1,81,2),
('Macedonia',2,82,1),
('Tiramisu',2,82,4),
('Profitterol',2,82,2),
('Torta',7,83,2),
('Pasta_alla_carbonara',7,83,3),
('Pasta_al_pomodoro',7,83,5),
('Pasta_al_pesto',8,84,3),
('Hamburger',8,84,1),
('Pesce_fritto',8,84,4),
('Kebab',4,85,2),
('Macedonia',4,85,3),
('Tiramisu',4,85,2),
('Profitterol',4,86,1),
('Torta',4,86,4),
('Pasta_alla_carbonara',4,86,5),
('Pasta_al_pomodoro',1,87,3),
('Pasta_al_pesto',1,87,5),
('Hamburger',1,87,2),
('Pesce_fritto',5,88,2),
('Kebab',5,88,4),
('Macedonia',5,88,3),
('Tiramisu',1,89,2),
('Profitterol',1,89,2),
('Torta',1,89,5),
('Pasta_alla_carbonara',1,90,3),
('Pasta_al_pomodoro',1,90,2),
('Pasta_al_pesto',1,90,3),
('Hamburger',1,91,5),
('Pesce_fritto',1,91,1),
('Kebab',1,91,3),
('Macedonia',8,92,1),
('Tiramisu',8,92,1),
('Profitterol',8,92,4),
('Torta',2,93,5),
('Pasta_alla_carbonara',2,93,2),
('Pasta_al_pomodoro',2,93,4),
('Pasta_al_pesto',7,94,2),
('Hamburger',7,94,5),
('Pesce_fritto',7,94,1),
('Kebab',6,95,4),
('Macedonia',6,95,3),
('Tiramisu',6,95,1),
('Profitterol',3,96,3),
('Torta',3,96,1),
('Pasta_alla_carbonara',3,96,4),
('Pasta_al_pomodoro',10,97,2),
('Pasta_al_pesto',10,97,3),
('Hamburger',10,97,3),
('Pesce_fritto',6,98,3),
('Kebab',6,98,3),
('Macedonia',6,98,5),
('Tiramisu',3,99,5),
('Profitterol',3,99,2),
('Torta',3,99,5);

insert into Spedizione (Ordine, DataoraMax, DataoraMin, DataoraArrivo, CostoSpedizione, Indirizzo, Rider) values
(9,'2020-05-13 19:19:00','2020-05-13 18:19:00','2020-05-13 18:35:00',8.34,7,'MNLMOR96R27S309Y'),
(13,'2020-05-19 19:08:00','2020-05-19 18:08:00','2020-05-19 18:18:00',1.3,44,'CRLCNT35T72C638R'),
(16,'2020-05-19 16:42:00','2020-05-19 15:42:00','2020-05-19 15:43:00',4.35,42,'GRGCLN87E34T365G'),
(18,'2020-05-11 17:06:00','2020-05-11 16:06:00','2020-05-11 16:46:00',5.5,15,'EZIADT45C10H374L'),
(19,'2020-05-17 02:09:00','2020-05-17 01:09:00','2020-05-17 01:39:00',6.21,31,'EZIADT45C10H374L'),
(23,'2020-05-17 13:57:00','2020-05-17 12:57:00','2020-05-17 13:17:00',4.62,13,'GRGCLN87E34T365G'),
(30,'2020-05-13 11:54:00','2020-05-13 10:54:00','2020-05-13 11:34:00',6.47,38,'MNLMOR96R27S309Y'),
(41,'2020-05-16 17:28:00','2020-05-16 16:28:00','2020-05-16 16:38:00',4.91,27,'CRLCNT35T72C638R'),
(46,'2020-05-13 06:50:00','2020-05-13 05:50:00','2020-05-13 05:55:00',4.69,11,'MNLMOR96R27S309Y'),
(47,'2020-05-15 05:09:00','2020-05-15 04:09:00','2020-05-15 04:29:00',6.27,27,'GLARSA03B62J897Z'),
(52,'2020-05-19 06:33:00','2020-05-19 05:33:00','2020-05-19 05:43:00',2.92,30,'LTRLMB65F83T395O'),
(56,'2020-05-16 12:31:00','2020-05-16 11:31:00','2020-05-16 11:51:00',8.71,39,'GRGCLN87E34T365G'),
(62,'2020-05-16 17:09:00','2020-05-16 16:09:00','2020-05-16 16:29:00',5.18,36,'EZIADT45C10H374L'),
(65,'2020-05-12 10:14:00','2020-05-12 09:14:00','2020-05-12 09:16:00',9.67,42,'GRGCLN87E34T365G'),
(67,'2020-05-12 05:28:00','2020-05-12 04:28:00','2020-05-12 04:48:00',2.95,27,'MRZRSS52R27T296A'),
(76,'2020-05-18 15:26:00','2020-05-18 14:26:00','2020-05-18 14:56:00',7.81,19,'CRLCNT35T72C638R'),
(78,'2020-05-10 20:06:00','2020-05-10 19:06:00','2020-05-10 19:16:00',3.22,45,'GRGCLN87E34T365G'),
(86,'2020-05-12 14:31:00','2020-05-12 13:31:00','2020-05-12 13:41:00',1.61,26,'GRGCLN87E34T365G'),
(93,'2020-05-17 14:37:00','2020-05-17 13:37:00','2020-05-17 13:47:00',3.2,28,'MTTBNC34A66V527X'),
(95,'2020-05-13 15:41:00','2020-05-13 14:41:00','2020-05-13 14:49:00',7.41,7,'GLARSA03B62J897Z'),
(96,'2020-05-16 05:52:00','2020-05-16 04:52:00','2020-05-16 04:59:00',8.78,13,'EZIADT45C10H374L');

insert into Recensione (Ordine, Ristorante, Rider, StelleRistorante, StelleRider, Testo) values
(0,5,null,5,null,'Eccezzionale'),
(1,6,null,5,null,'Ristorante ottimo!'),
(2,3,null,4,null,null),
(3,4,null,0,null,'Pessimo'),
(4,6,null,5,null,'Il cibo era buonissimo, consiglio questo ristorante a tutti!'),
(5,3,null,4,null,null),
(6,2,null,0,null,null),
(7,2,null,0,null,null),
(8,8,null,4,null,null),
(9,9,'MNLMOR96R27S309Y',5,2,null),
(10,7,null,5,null,null),
(11,6,null,1,null,'Cibo scadente, sconsigliatissimo'),
(12,2,null,3,null,null),
(13,5,'CRLCNT35T72C638R',5,1,null),
(14,9,null,1,null,null),
(15,9,null,2,null,null),
(16,6,'GRGCLN87E34T365G',0,3,'Cibo andato a male, la consegna era decente'),
(17,7,null,3,null,'Non male dai'),
(18,3,'EZIADT45C10H374L',2,0,null),
(19,3,'EZIADT45C10H374L',4,3,null),
(20,8,null,4,null,'Cibo abbastanaza buono'),
(21,1,null,3,null,null),
(22,2,null,2,null,null),
(23,4,'GRGCLN87E34T365G',5,2,null),
(24,9,null,5,null,null),
(25,9,null,0,null,null),
(26,10,null,5,null,'Mi ha sorpreso!'),
(27,2,null,0,null,null),
(28,1,null,3,null,null),
(29,5,null,4,null,null),
(30,9,'MNLMOR96R27S309Y',1,5,null),
(31,4,null,1,null,null),
(32,8,null,0,null,null),
(33,2,null,5,null,null),
(34,4,null,3,null,null),
(35,3,null,2,null,null),
(36,8,null,3,null,null),
(37,9,null,3,null,null),
(38,9,null,2,null,'Mi aspettavo di meglio'),
(39,3,null,3,null,null),
(40,2,null,1,null,null),
(41,5,'CRLCNT35T72C638R',4,5,null),
(42,7,null,5,null,null),
(43,7,null,2,null,null),
(44,10,null,4,null,null),
(45,3,null,3,null,null),
(46,9,'MNLMOR96R27S309Y',1,3,null),
(47,6,'GLARSA03B62J897Z',3,5,null),
(48,8,null,1,null,'Pessimo ristorante, sconsigliato'),
(49,10,null,4,null,null),
(50,6,null,4,null,null),
(51,1,null,5,null,null),
(52,7,'LTRLMB65F83T395O',1,0,'Servizio pessimo'),
(53,10,null,0,null,null),
(54,6,null,4,null,null),
(55,2,null,4,null,null),
(56,6,'GRGCLN87E34T365G',4,2,null),
(57,6,null,4,null,null),
(58,3,null,2,null,null),
(59,2,null,3,null,null),
(60,10,null,2,null,null),
(61,1,null,3,null,null),
(62,3,'EZIADT45C10H374L',2,4,null),
(63,2,null,0,null,null),
(64,5,null,3,null,null),
(65,1,'GRGCLN87E34T365G',2,3,null),
(66,1,null,3,null,null),
(67,1,'MRZRSS52R27T296A',0,5,null),
(68,6,null,4,null,null),
(69,2,null,0,null,null),
(70,2,null,2,null,null),
(71,1,null,4,null,null),
(72,1,null,5,null,'Consiglio a tutti Flash Delivering'),
(73,8,null,5,null,null),
(74,5,null,4,null,null),
(75,3,null,0,null,null),
(76,5,'CRLCNT35T72C638R',2,3,null),
(77,8,null,1,null,null),
(78,6,'GRGCLN87E34T365G',5,1,'cibo ottimo, consegna lenta'),
(79,10,null,2,null,null),
(80,5,null,0,null,null),
(81,1,null,3,null,null),
(82,2,null,5,null,null),
(83,7,null,3,null,null),
(84,8,null,5,null,'Servizio fantastico, consigliato'),
(85,4,null,1,null,null),
(86,4,'GRGCLN87E34T365G',0,0,null),
(87,1,null,0,null,null),
(88,5,null,3,null,null),
(89,1,null,2,null,null),
(90,1,null,5,null,null),
(91,1,null,0,null,null),
(92,8,null,5,null,null),
(93,2,'MTTBNC34A66V527X',2,5,'Cibo mediocre, ma la spedizione molto veloce e affidabile'),
(94,7,null,4,null,null),
(95,6,'GLARSA03B62J897Z',3,0,null),
(96,3,'EZIADT45C10H374L',3,5,'Velocissima la spedizione'),
(97,10,null,3,null,null),
(98,6,null,0,null,null),
(99,3,null,4,null,null);

update ristorante r1
set PunteggioMedio = (
	select avg(re.stelleristorante)
	from recensione re
	where r2.id=re.ristorante
	group by r2.id
)
from ristorante r2
where r1.id=r2.id;

-- Mostrare tutte le recensioni del ristorante "da Pino" (id = 6)
select stelleristorante, testo, rider, stellerider
from recensione rec, ristorante ris
where rec.ristorante = ris.id and ris.id = 6
order by stelleristorante desc;

-- visualizzare clienti che hanno ordinato piatti a cui sono allergici
select c.mail, p.nome as piatto, r.nome as ristorante,
    a.nome as allergene
from cliente c, allergene a, ordine o, allergie_clienti ac,
    piatti_ordinati po, piatto p, allergie_piatti ap, ristorante r
where c.mail = o.cliente and c.mail = ac.cliente and
    o.id = po.ordine and po.piatto = p.nome and
    po.ristorante = p.ristorante and ap.piatto = p.nome and
    ap.ristorante = p.ristorante and ac.allergene = a.nome and
    ap.allergene = a.nome and r.id = o.ristorante
group by c.mail, p.nome, a.nome, r.nome;

-- visualizzare il guadagno dei rider nel mese di maggio 2020,
-- tenendo conto che alcuni rider hanno uno stipendio fisso
-- mentre altri guadagnano in base alle consegne
select cf, nome, cognome, dipendente,stipendio as guadagno_maggio2020
from rider
where dipendente=true
union
select cf, nome, cognome,dipendente, sum(costospedizione)
from rider r, spedizione s
where r.dipendente=false and s.rider=r.CF and s.DataoraArrivo >= '2020-05-01' and s.DataoraArrivo <= '2020-05-31'
group by r.cf
order by guadagno_maggio2020 desc;

-- Stampare i clienti che hanno un determinato piatto preferito e quante volte
-- lo hanno ordinato (nell’esempio il kebab)
drop view if exists piatti_clienti;
create view piatti_clienti as
select c.mail,po.piatto,sum(quantita) as tot
from cliente c, ordine o, piatti_ordinati po
where c.mail=o.cliente and o.id=po.ordine
group by c.mail,po.piatto;

select p1.mail as cliente, p1.tot as n_ordinazioni
from piatti_clienti p1
where p1.piatto = 'Kebab'
except
select p1.mail, p1.tot
from piatti_clienti p1, piatti_clienti p2
where p1.mail=p2.mail and p1.tot<p2.tot
order by n_ordinazioni desc;

-- Mostrare i dieci clienti che hanno speso di più sull'applicazione
drop view if exists importo_tot_clienti;
create view importo_tot_clienti as
select c.mail, sum(
    p.prezzo * po.quantita * coalesce(r.percentualesconto * 0.01, 1)
) as tot
from cliente c, ordine o, piatti_ordinati po, piatto p, ristorante r
where c.mail = o.cliente and po.ordine = o.id and
    po.piatto = p.nome and po.ristorante = p.ristorante and
    p.ristorante = r.id
group by c.mail;

drop view if exists spese_sped_tot_clienti;
create view spese_sped_tot_clienti as
select c.mail, coalesce(sum(s.costospedizione), 0) as tot
from cliente c, ordine o left join spedizione s on (s.ordine = o.id)
where o.cliente = c.mail and c.premium = false
group by c.mail;

select c.nome, c.cognome,
    round(i.tot, 2) as importo_pagato,
    coalesce(s.tot, 0) as tot_spedizione,
    round(i.tot + coalesce(s.tot, 0), 2) as totale_pagato
from cliente c,
    importo_tot_clienti i left join spese_sped_tot_clienti s
    on (i.mail = s.mail)
where c.mail = i.mail
order by totale_pagato desc
limit 10;

-- Mostrare, ad esempio, i ristoranti aperti il 12/05/2020 alle 17:45
-- che preparano solo piatti a cui Maria GaServizio allergica
select r.nome as ristorante,
g.oraapertura as orario_di_apertura, g.orachiusura as orario_di_chiusura
from ristorante r, giorno g, (
    select c.mail, r.id
    from cliente c, ristorante r
    except (select ac.cliente, ap.ristorante
        from allergie_clienti ac, allergie_piatti ap
        where ac.allergene = ap.allergene)
) as cr
where r.id = g.ristorante and g.data = '2020-05-12' and
    g.oraapertura <= '17:45' and g.orachiusura >= '17:45' and
    r.id = cr.id and cr.mail = 'maria.garibaldi@icloud.com'
order by cr.mail, r.id;

create index Ristoranti_recensioni on Recensione (Ristorante, StelleRistorante);
