/*indice: 
	riga 8: creazione tabelle
	riga 236: poplazione db
	riga 3132: viste, query e indice
*/


/* CREAZIONE TABELLE */

CREATE TABLE Luogo(
	nome varchar(40) not null,
	citta varchar(20) not null,
	nazione varchar(3) not null,
	capienza int not null,
	PRIMARY KEY (nome, citta)
);

CREATE TABLE Canzone (
    codice varchar(5) not null,
    titolo varchar(30) not null,
    durata interval hour to minute not null,
    genere varchar(30) not null,
    partecipazione int not null,
    nazione varchar(3) not null,
    PRIMARY KEY (codice)
);

CREATE TABLE ESC (
  anno int not null,
  nazione_ospitante varchar(3) not null,
  slogan varchar(30) not null,
  luogo varchar(40) not null,
  citta varchar(20) not null,
  vittoria varchar(5),
  PRIMARY KEY  (anno),
  FOREIGN KEY (luogo,citta) REFERENCES Luogo(nome,citta),
  FOREIGN KEY (vittoria) REFERENCES Canzone(codice)
);
ALTER TABLE Canzone
ADD FOREIGN KEY (partecipazione) REFERENCES ESC(anno); 

CREATE TABLE Serata(
	data_serata date not null,
	codice int not null,
	ora_inizio time not null,
	ora_fine time not null,
	esc int not null,
	PRIMARY KEY (data_serata),
	FOREIGN KEY (esc) REFERENCES ESC(anno)
);

CREATE TABLE Nazione_Votante(
	serata date not null,
	nazione varchar(3) not null,
	PRIMARY KEY(serata,nazione),
	FOREIGN KEY (serata) REFERENCES Serata(data_serata)
);

CREATE TABLE Spokeperson(
	codice_fiscale varchar(16) not null,
	cognome varchar(30) not null,
	nome varchar(30) not null,
	nazione_rappresentanza varchar(3) not null,
	PRIMARY KEY(codice_fiscale)
);

CREATE TABLE Annuncio_Voti(
	spokeperson varchar(16) not null,
	serata date not null,
	posizione int not null,
	PRIMARY KEY (spokeperson, serata),
	FOREIGN KEY (spokeperson) REFERENCES Spokeperson(codice_fiscale),
	FOREIGN KEY (serata) REFERENCES Serata(data_serata)
);

CREATE TABLE Esibizione(
	id int not null,
	serata date not null,
	tipo varchar(40) not null,
	ora_inizio time not null,
	ora_fine time not null,
	canzone varchar(5) default null,
	PRIMARY KEY(id),
	FOREIGN KEY (serata) REFERENCES Serata(data_serata),
	FOREIGN KEY (canzone) REFERENCES Canzone(codice)
);

CREATE TABLE Prova_Esibizione(
	tipo varchar(30) not null,
	esibizione int not null,
	data_prova date not null,
	ora_inizio time not null,
	ora_fine time not null,
	PRIMARY KEY(tipo, esibizione),
	FOREIGN KEY (esibizione) REFERENCES Esibizione(id)
);	

CREATE TABLE Conduttore (
	codice_fiscale varchar(16) not null,
	nome_arte varchar(30) default null,
	cognome varchar(30) not null,
	nome varchar(30) not null,
	nazionalita varchar(3) not null,
	PRIMARY KEY(codice_fiscale)
);

CREATE TABLE Conduzione(
	esc int not null,
	conduttore varchar(16) not null,
	PRIMARY KEY(esc,conduttore),
	FOREIGN KEY (esc) REFERENCES ESC(anno),
	FOREIGN KEY (conduttore) REFERENCES Conduttore(codice_fiscale)
);

CREATE TABLE Performance_Conduttore(
	esibizione int not null,
	conduttore varchar(16) not null,
	PRIMARY KEY (esibizione,conduttore),
	FOREIGN KEY (esibizione) REFERENCES Esibizione(id),
	FOREIGN KEY (conduttore) REFERENCES Conduttore(codice_fiscale)
);

CREATE TABLE Ospite (
	codice_fiscale varchar(16) not null,
	nome_arte varchar(30) default null,
	cognome varchar(30) not null,
	nome varchar(30) not null,
	nazionalita varchar(3) not null,
	PRIMARY KEY(codice_fiscale)
);

CREATE TABLE Performance_Ospite (
    esibizione int not null,
    ospite varchar(16) not null,
    PRIMARY KEY (esibizione, ospite),
    FOREIGN KEY (esibizione) REFERENCES Esibizione(id),
    FOREIGN KEY (ospite) REFERENCES Ospite(codice_fiscale)
);

CREATE TABLE Lingua (
    canzone varchar(5) not null,
    nome varchar(30) not null,
    PRIMARY KEY (canzone, nome),
    FOREIGN KEY (canzone) REFERENCES Canzone(codice)
);

CREATE TABLE Artista (
	codice_fiscale varchar(16) not null,
	nome_arte varchar(30) default null,
	cognome varchar(30) not null,
	nome varchar(30) not null,
	nazionalita varchar(3) not null,
	PRIMARY KEY(codice_fiscale)
);

CREATE TABLE Interpretazione (
    canzone varchar(5) not null,
    artista varchar(16) not null,
    nome_gruppo varchar(30),
    PRIMARY KEY (canzone, artista),
    FOREIGN KEY (canzone) REFERENCES Canzone(codice),
    FOREIGN KEY (artista) REFERENCES Artista(codice_fiscale)
);

CREATE TABLE Selezione_Nazionale (
    anno int not null,
    nazione varchar(3) not null,
    modalità varchar(30) not null,
    emittente varchar(30) not null,
    PRIMARY KEY (anno, nazione),
    FOREIGN KEY (anno) REFERENCES ESC(anno)
);

CREATE TABLE Selezione (
    artista varchar(16) not null,
    anno int not null,
    nazione varchar(3) not null,
    PRIMARY KEY (artista, anno, nazione),
    FOREIGN KEY (artista) REFERENCES Artista(codice_fiscale),
    FOREIGN KEY (anno, nazione) REFERENCES Selezione_Nazionale(anno, nazione)
);

CREATE TABLE Votante (
    id varchar(6) not null,
	nazione varchar(3) not null,
    tipo varchar(30) not null,
	anno int not null,
    persone_televotanti int default null,
    PRIMARY KEY (id)
);

CREATE TABLE Voto (
    votante varchar(6),
    canzone varchar(5) not null,
    serata date not null,
    punteggio int not null,
    PRIMARY KEY (votante, canzone, serata),
    FOREIGN KEY (votante) REFERENCES Votante(id),
    FOREIGN KEY (canzone) REFERENCES Canzone(codice),
    FOREIGN KEY (serata) REFERENCES Serata(data_serata)
);

CREATE TABLE Membro_Giuria (
    codice_fiscale varchar(16) not null,
    cognome varchar(30) not null,
    nome varchar(30) not null,
    PRIMARY KEY (codice_fiscale)
);

CREATE TABLE Composizione_Giuria(
	giudice varchar(16) not null,
	giuria varchar(6) not null,
	PRIMARY KEY (giudice,giuria),
	FOREIGN KEY (giudice) REFERENCES Membro_Giuria(codice_fiscale),
	FOREIGN KEY (giuria) REFERENCES Votante(id)
);

CREATE TABLE Collaboratore (
	codice_fiscale varchar(16) not null,
	nome_arte varchar(30) default null,
	cognome varchar(30) not null,
	nome varchar(30) not null,
	nazionalita varchar(3) not null,
	ruolo varchar(30) not null,
	PRIMARY KEY(codice_fiscale)
);

CREATE TABLE Collaborazione (
    collaboratore varchar(16) not null,
    esibizione int not null,
    PRIMARY KEY (collaboratore, esibizione),
    FOREIGN KEY (collaboratore) REFERENCES Collaboratore(codice_fiscale),
    FOREIGN KEY (esibizione) REFERENCES Esibizione(id)
);

/* POPOLAZIONE */

INSERT INTO Luogo(nome, citta, nazione, capienza) VALUES
('Teatro Ariston','Sanremo','ITA',1000),
('Love and Peace Arena', 'Bruxelles', 'BEL',9000),
('International Exhibition Centre', 'Kiev', 'UKR', 7000);

INSERT INTO ESC(anno, nazione_ospitante, slogan, luogo, citta, vittoria) VALUES
(2019, 'ITA', 'Dare to Dream','Teatro Ariston','Sanremo',NULL),
(2018, 'BEL', 'All Aboard!', 'Love and Peace Arena', 'Bruxelles',NULL),
(2017, 'UKR', 'Celebrate Diversity','International Exhibition Centre', 'Kiev',NULL);

INSERT INTO Serata(data_serata,codice,ora_inizio,ora_fine,esc) VALUES
('2017-05-12',1,'21:00:00','23:00:00',2017),
('2017-05-14',2,'21:00:00','23:00:00',2017),
('2017-05-16',3,'21:30:00','00:15:00',2017),
('2018-05-12',1,'21:00:00','23:00:00',2018),
('2018-05-14',2,'21:00:00','23:00:00',2018),
('2018-05-16',3,'21:30:00','00:15:00',2018),
('2019-05-12',1,'21:00:00','23:00:00',2019),
('2019-05-14',2,'21:00:00','23:00:00',2019),
('2019-05-16',3,'21:30:00','00:15:00',2019);

INSERT INTO nazione_votante(serata,nazione) VALUES
('2017-05-12','AUS'),
('2017-05-12','AZE'),
('2017-05-12','BEL'),
('2017-05-12','CYP'),
('2017-05-12','DNK'),
('2017-05-12','FRA'),
('2017-05-12','DEU'),
('2017-05-12','ITA'),
('2017-05-14','NDL'),
('2017-05-14','NOR'),
('2017-05-14','PRT'),
('2017-05-14','RUS'),
('2017-05-14','SMR'),
('2017-05-14','SWE'),
('2017-05-14','GBR'),
('2017-05-14','UKR'),
('2017-05-16','AUS'),
('2017-05-16','AZE'),
('2017-05-16','BEL'),
('2017-05-16','CYP'),
('2017-05-16','DNK'),
('2017-05-16','FRA'),
('2017-05-16','DEU'),
('2017-05-16','ITA'),
('2017-05-16','NDL'),
('2017-05-16','NOR'),
('2017-05-16','PRT'),
('2017-05-16','RUS'),
('2017-05-16','SMR'),
('2017-05-16','SWE'),
('2017-05-16','GBR'),
('2017-05-16','UKR'),
('2018-05-12','AUS'),
('2018-05-12','AZE'),
('2018-05-12','BEL'),
('2018-05-12','CYP'),
('2018-05-12','DNK'),
('2018-05-12','FRA'),
('2018-05-12','DEU'),
('2018-05-12','ITA'),
('2018-05-14','NDL'),
('2018-05-14','NOR'),
('2018-05-14','PRT'),
('2018-05-14','RUS'),
('2018-05-14','SMR'),
('2018-05-14','SWE'),
('2018-05-14','GBR'),
('2018-05-14','UKR'),
('2018-05-16','AUS'),
('2018-05-16','AZE'),
('2018-05-16','BEL'),
('2018-05-16','CYP'),
('2018-05-16','DNK'),
('2018-05-16','FRA'),
('2018-05-16','DEU'),
('2018-05-16','ITA'),
('2018-05-16','NDL'),
('2018-05-16','NOR'),
('2018-05-16','PRT'),
('2018-05-16','RUS'),
('2018-05-16','SMR'),
('2018-05-16','SWE'),
('2018-05-16','GBR'),
('2018-05-16','UKR'),
('2019-05-12','AUS'),
('2019-05-12','AZE'),
('2019-05-12','BEL'),
('2019-05-12','CYP'),
('2019-05-12','DNK'),
('2019-05-12','FRA'),
('2019-05-12','DEU'),
('2019-05-12','ITA'),
('2019-05-14','NDL'),
('2019-05-14','NOR'),
('2019-05-14','PRT'),
('2019-05-14','RUS'),
('2019-05-14','SMR'),
('2019-05-14','SWE'),
('2019-05-14','GBR'),
('2019-05-14','UKR'),
('2019-05-16','AUS'),
('2019-05-16','AZE'),
('2019-05-16','BEL'),
('2019-05-16','CYP'),
('2019-05-16','DNK'),
('2019-05-16','FRA'),
('2019-05-16','DEU'),
('2019-05-16','ITA'),
('2019-05-16','NDL'),
('2019-05-16','NOR'),
('2019-05-16','PRT'),
('2019-05-16','RUS'),
('2019-05-16','SMR'),
('2019-05-16','SWE'),
('2019-05-16','GBR'),
('2019-05-16','UKR');

INSERT INTO Spokeperson(codice_fiscale,cognome,nome,nazione_rappresentanza) VALUES
('AUSspok100','amadeus','mozart','AUS'),
('AZEspok101','kris','azero','AZE'),
('BELspok102','bau','belli','BEL'),
('CYPspok103','ciop','cyp','CYP'),
('DNKspok104','danny','dank','DNK'),
('FRAspok105','monsieur','oui','FRA'),
('DEUspok106','federico','lucia','DEU'),
('ITAspok107','john','Uou','ITA'),
('NDLspok108','norro','krk','NDL'),
('NORspok109','marisa','ciao','NOR'),
('PRTspok110','polina','ush','PRT'),
('RUSspok111','chiara','danza','RUS'),
('SMRspok112','moro','biondo','SMR'),
('SWEspok113','sam','smith','SWE'),
('GBRspok114','marie','solovey','GBR'),
('UKRspok115','marie','solovey','UKR'),
('BELart102','blanchette','claire','BEL'),
('ITAart107','gabbani','francesco','ITA');

INSERT INTO Annuncio_Voti(spokeperson,serata,posizione) VALUES
('AUSspok100','2017-05-16','1'),
('AZEspok101','2017-05-16','2'),
('BELspok102','2017-05-16','3'),
('CYPspok103','2017-05-16','4'),
('DNKspok104','2017-05-16','5'),
('FRAspok105','2017-05-16','6'),
('DEUspok106','2017-05-16','7'),
('ITAspok107','2017-05-16','8'),
('NDLspok108','2017-05-16','9'),
('NORspok109','2017-05-16','10'),
('PRTspok110','2017-05-16','11'),
('RUSspok111','2017-05-16','12'),
('SMRspok112','2017-05-16','13'),
('SWEspok113','2017-05-16','14'),
('GBRspok114','2017-05-16','15'),
('UKRspok115','2017-05-16','16'),
('AUSspok100','2018-05-16','1'),
('AZEspok101','2018-05-16','2'),
('BELart102','2018-05-16','3'),
('CYPspok103','2018-05-16','4'),
('DNKspok104','2018-05-16','5'),
('FRAspok105','2018-05-16','6'),
('DEUspok106','2018-05-16','7'),
('ITAspok107','2018-05-16','8'),
('NDLspok108','2018-05-16','9'),
('NORspok109','2018-05-16','10'),
('PRTspok110','2018-05-16','11'),
('RUSspok111','2018-05-16','12'),
('SMRspok112','2018-05-16','13'),
('SWEspok113','2018-05-16','14'),
('GBRspok114','2018-05-16','15'),
('UKRspok115','2018-05-16','16'),
('AUSspok100','2019-05-16','1'),
('AZEspok101','2019-05-16','2'),
('BELspok102','2019-05-16','3'),
('CYPspok103','2019-05-16','4'),
('DNKspok104','2019-05-16','5'),
('FRAspok105','2019-05-16','6'),
('DEUspok106','2019-05-16','7'),
('ITAart107','2019-05-16','8'),
('NDLspok108','2019-05-16','9'),
('NORspok109','2019-05-16','10'),
('PRTspok110','2019-05-16','11'),
('RUSspok111','2019-05-16','12'),
('SMRspok112','2019-05-16','13'),
('SWEspok113','2019-05-16','14'),
('GBRspok114','2019-05-16','15'),
('UKRspok115','2019-05-16','16');

INSERT INTO Artista(codice_fiscale,nome_arte,cognome,nome,nazionalita) VALUES
('AUSart100','isah','firebrace','isiah','AUS'),
('AZEart101','Dihaj','ziro','segi','AZE'),
('BELart102','blanche','blanchette','claire','BEL'),
('AZEart103','hovig','crish','ovidi','AZE'),
('DNKart104',NULL,'nissen','anja','DNK'),
('FRAart105','alma','bresh','annie','FRA'),
('DEUart106','levina','levin','klare','DEU'),
('ITAart107',NULL,'gabbani','francesco','ITA'),
('NDLart108','OG3NE','gigi','ogi','NDL'),
('NORart109','JOWST','walmann','aleksander','NOR'),
('PRTart110',NULL,'sobral','salvador','PRT'),
('RUSart111',NULL,'sergei','ivanovic','RUS'),
('SMRart112',NULL,'mari','marta','SMR'),
('SWEart113',NULL,'bengtsson','robin','SWE'),
('GBRart114','lucie','jones','lucie','GBR'),
('UKRart115','OBT','torvald','obiti','UKR'),
('AUSart116',NULL,'Jessica','Mauboy','AUS'),
('AZEart117','Aisel','sess','aiss','AZE'),
('BELart118','Sennek','crick','senni','BEL'),
('CYPart119',NULL,'Foureira','Eleni','CYP'),
('DNKart120',NULL,'beo','gino','DNK'),
('FRAart121',NULL,'lei','beth','FRA'),
('DEUart122',NULL,'schulte','micheal','DEU'),
('ITAart123','mahmood','mahmoud','alessandro','ITA'),
('NDLart124','waylon','waiddi','lyon','NDL'),
('NORart125','Marfi','fiffi','mark','NOR'),
('PRTart126',NULL,'pascoal','claudia','PRT'),
('RUSart128',NULL,'karenina','anna','UKR'),
('SWEart129',NULL,'angello','steve','SWE'),
('GBRart130','Surei','smith','paula','GBR'),
('UKRart131',NULL,'ukkk','marie','UKR'),
('DNKart132',NULL,'bao','mari','DNK'),
('DNKart133',NULL,'bio','rini','DNK'),
('FRAart134',NULL,'lui','pier','FRA'),
('PRTart135','Iaura','noite','barina','PRT'),
('UKRart136',NULL,'ukkk','cristi','UKR'),
('UKRart137',NULL,'ukkk','flavio','UKR'),
('UKRart138',NULL,'ukkk','ciccio','UKR'),
('AZEart139','efendi','fendi','elli','AZE'),
('BELart140',NULL,'bil','annie','BEL'),
('BELart141',NULL,'fratm','guy','BEL'),
('BELart142',NULL,'broui','mick','BEL'),
('DNKart143',NULL,'prippk','Benni','DNK'),
('DNKart144',NULL,'Tanwi','ari','DNK'),
('PRTart145','Elisa','mateo','elisa','PRT'),
('SWEart146','mamara','tamara','petra','SWE'),
('UKRart147','tecnocry','tsikt','abrito','UKR'),
('NDLart147',NULL,'lawrence','duncan','NLD');

INSERT INTO Canzone(codice,titolo,durata,genere,partecipazione,nazione) VALUES
('AUS17','Dont Come Easy','180','ballad',2017,'AUS'),
('AZE17','Skeletons','181','pop',2017,'AZE'),
('BEL17','City Lights','182','pop',2017,'BEL'),
('CYP17','Gravity','183','ballad',2017,'CYP'),
('DNK17','Where I Am','184','ballad',2017,'DNK'),
('FRA17','Requiem','185','pop',2017,'FRA'),
('DEU17','Perfect Life','186','rock',2017,'DEU'),
('ITA17','Occidentalis Karma','187','pop',2017,'ITA'),
('NDL17','Lights and Shadows','188','rap',2017,'NDL'),
('NOR17','Grab the Moment','189','pop',2017,'NOR'),
('PRT17','Amar pelos dois','190','ballad',2017,'PRT'),
('RUS17','Scream','191','pop',2017,'RUS'),
('SMR17','Spirit of the Night','192','electronic-pop',2017,'SMR'),
('SWE17','I Cant Go On','193','pop',2017,'SWE'),
('GBR17','Never Give Up On You','194','pop',2017,'GBR'),
('UKR17','Time','195','rock',2017,'UKR'),
('AUS18','We Got Love','180','ballad',2018,'AUS'),
('AZE18','X My Heart','181','electronic-pop',2018,'AZE'),
('BEL18','A Matter Of Time','182','pop',2018,'BEL'),
('CYP18','Fuego','183','pop',2018,'CYP'),
('DNK18','Higher Ground','184','rock',2018,'DNK'),
('FRA18','Mercy','185','pop',2018,'FRA'),
('DEU18','Nine days','186','rock',2018,'DEU'),
('ITA18','Soldi','187','pop',2018,'ITA'),
('NDL18','Outlaw in em','188','rock',2018,'NDL'),
('NOR18','Little Life','189','pop',2018,'NOR'),
('PRT18','O jardim','190','pop',2018,'PRT'),
('RUS18','Escape','191','pop',2018,'RUS'),
('SMR18','Who we are','192','electronic-pop',2018,'SMR'),
('SWE18','Rejoice','193','techno',2018,'SWE'),
('GBR18','Storm','194','pop',2018,'GBR'),
('UKR18','Under the ladder','195','techno',2018,'UKR'),
('AUS19','Great Love','180','pop',2019,'AUS'),
('AZE19','Cleopatra','181','pop',2019,'AZE'),
('BEL19','Release Me','182','ballad',2019,'BEL'),
('CYP19','Light My Fire','183','pop',2019,'CYP'),
('DNK19','YES','184','pop',2019,'DNK'),
('FRA19','claude and moi','185','pop',2019,'FRA'),
('DEU19','Lucky you','186','pop',2019,'DEU'),
('ITA19','Rapide','187','pop',2019,'ITA'),
('NDL19','Arcade','188','pop',2019,'NDL'),
('NOR19','To the top','189','pop',2019,'NOR'),
('PRT19','Medo de sentir','190','pop',2019,'PRT'),
('RUS19','Alive','191','pop',2019,'RUS'),
('SMR19','Our Time','192','electronic-pop',2019,'SMR'),
('SWE19','Move','193','pop',2019,'SWE'),
('GBR19','my last breath','194','ballad',2019,'GBR'),
('UKR19','piango al tecno','195','techno',2019,'UKR');
UPDATE ESC
SET vittoria='BEL17' WHERE anno=2017;
UPDATE ESC
SET vittoria='ITA18' WHERE anno=2018;
UPDATE ESC
SET vittoria='NDL19' WHERE anno=2019;

INSERT INTO Lingua(canzone,nome) VALUES
('AUS17','english'),
('AZE17','english'),
('BEL17','english'),
('CYP17','english'),
('DNK17','english'),
('FRA17','french'),
('DEU17','english'),
('ITA17','italian'),
('NDL17','english'),
('NOR17','english'),
('PRT17','portoguese'),
('RUS17','english'),
('SMR17','english'),
('SWE17','english'),
('GBR17','english'),
('UKR17','english'),
('AUS18','english'),
('AZE18','english'),
('BEL18','english'),
('CYP18','english'),
('CYP18','spanish'),
('DNK18','english'),
('FRA18','english'),
('FRA18','french'),
('DEU18','english'),
('ITA18','italian'),
('NDL18','english'),
('NOR18','norwegian'),
('NOR18','english'),
('PRT18','portoguese'),
('RUS18','english'),
('SMR18','english'),
('SWE18','english'),
('SWE18','swedish'),
('SWE18','latin'),
('GBR18','english'),
('UKR18','english'),
('AUS19','english'),
('AZE19','english'),
('BEL19','english'),
('CYP19','english'),
('DNK19','english'),
('FRA19','french'),
('DEU19','english'),
('ITA19','english'),
('ITA19','italian'),
('NDL19','english'),
('NOR19','english'),
('PRT19','portoguese'),
('RUS19','english'),
('SMR19','english'),
('SWE19','english'),
('GBR19','english'),
('UKR19','italian');

INSERT INTO Interpretazione(canzone,artista,nome_gruppo) VALUES
('AUS17','AUSart100',NULL),
('AZE17','AZEart101',NULL),
('BEL17','BELart102',NULL),
('CYP17','AZEart103',NULL),
('DNK17','DNKart104',NULL),
('FRA17','FRAart105',NULL),
('DEU17','DEUart106',NULL),
('ITA17','ITAart107',NULL),
('NDL17','NDLart108',NULL),
('NOR17','NORart109',NULL),
('PRT17','PRTart110',NULL),
('RUS17','RUSart111',NULL),
('SMR17','SMRart112',NULL),
('SWE17','SWEart113',NULL),
('GBR17','GBRart114',NULL),
('UKR17','UKRart115',NULL),
('AUS18','AUSart116',NULL),
('AZE18','AZEart117',NULL),
('BEL18','BELart118',NULL),
('CYP18','CYPart119',NULL),
('DNK18','DNKart120','Rasmussen'),
('DNK18','DNKart132','Rasmussen'),
('DNK18','DNKart133','Rasmussen'),
('FRA18','FRAart121','Madame Monsieur'),
('FRA18','FRAart134','Madame Monsieur'),
('DEU18','DEUart122',NULL),
('ITA18','ITAart123',NULL),
('NDL18','NDLart124',NULL),
('NOR18','NORart125',NULL),
('PRT18','PRTart126',NULL),
('PRT18','PRTart135',NULL),
('RUS18','RUSart111',NULL),
('SMR18','RUSart128',NULL),
('SWE18','SWEart129',NULL),
('GBR18','GBRart130',NULL),
('UKR18','UKRart131','Melovin'),
('UKR18','UKRart136','Melovin'),
('UKR18','UKRart137','Melovin'),
('UKR18','UKRart138','Melovin'),
('AUS19','AUSart116',NULL),
('AZE19','AZEart139',NULL),
('BEL19','BELart140','Hooverphonic'),
('BEL19','BELart141','Hooverphonic'),
('BEL19','BELart142','Hooverphonic'),
('CYP19','CYPart119',NULL),
('DNK19','DNKart143','BEN & TAN'),
('DNK19','DNKart144','BEN & TAN'),
('FRA19','FRAart105',NULL),
('DEU19','DEUart122',NULL),
('ITA19','ITAart123',NULL),
('NDL19','NDLart147',NULL),
('NOR19','NORart109',NULL),
('PRT19','PRTart145',NULL),
('RUS19','RUSart111',NULL),
('SMR19','RUSart128',NULL),
('SWE19','SWEart146',NULL),
('GBR19','GBRart114',NULL),
('UKR19','UKRart147',NULL);

INSERT INTO Esibizione(id,serata,tipo,ora_inizio,ora_fine,canzone) VALUES
('1712','2017-05-12','gara','21:30:00','21:34:00','AUS17'),
('1713','2017-05-12','gara','21:34:01','21:38:00','AZE17'),
('1714','2017-05-12','gara','21:38:01','21:42:00','BEL17'),
('1715','2017-05-12','gara','21:42:01','21:46:00','CYP17'),
('1716','2017-05-12','gara','21:46:01','21:50:00','DNK17'),
('1717','2017-05-12','gara','21:50:01','21:54:00','FRA17'),
('1718','2017-05-12','gara','21:54:01','21:58:00','DEU17'),
('1719','2017-05-12','gara','21:58:01','22:02:00','ITA17'),
('1812','2018-05-12','gara','21:30:00','21:34:00','AUS18'),
('1813','2018-05-12','gara','21:34:01','21:38:00','AZE18'),
('1814','2018-05-12','gara','21:38:01','21:42:00','BEL18'),
('1815','2018-05-12','gara','21:42:01','21:46:00','CYP18'),
('1816','2018-05-12','gara','21:46:01','21:50:00','DNK18'),
('1817','2018-05-12','gara','21:50:01','21:54:00','FRA18'),
('1818','2018-05-12','gara','21:54:01','21:58:00','DEU18'),
('1819','2018-05-12','gara','21:58:01','22:02:00','ITA18'),
('1912','2019-05-12','gara','21:30:00','21:34:00','AUS19'),
('1913','2019-05-12','gara','21:34:01','21:38:00','AZE19'),
('1914','2019-05-12','gara','21:38:01','21:42:00','BEL19'),
('1915','2019-05-12','gara','21:42:01','21:46:00','CYP19'),
('1916','2019-05-12','gara','21:46:01','21:50:00','DNK19'),
('1917','2019-05-12','gara','21:50:01','21:54:00','FRA19'),
('1918','2019-05-12','gara','21:54:01','21:58:00','DEU19'),
('1919','2019-05-12','gara','21:58:01','22:02:00','ITA19'),
('1722','2017-05-14','gara','21:30:00','21:34:00','NDL17'),
('1723','2017-05-14','gara','21:34:01','21:38:00','NOR17'),
('1724','2017-05-14','gara','21:38:01','21:42:00','PRT17'),
('1725','2017-05-14','gara','21:42:01','21:46:00','RUS17'),
('1726','2017-05-14','gara','21:46:01','21:50:00','SMR17'),
('1727','2017-05-14','gara','21:50:01','21:54:00','SWE17'),
('1728','2017-05-14','gara','21:54:01','21:58:00','GBR17'),
('1729','2017-05-14','gara','21:58:01','22:02:00','UKR17'),
('1822','2018-05-14','gara','21:30:00','21:34:00','NDL18'),
('1823','2018-05-14','gara','21:34:01','21:38:00','NOR18'),
('1824','2018-05-14','gara','21:38:01','21:42:00','PRT18'),
('1825','2018-05-14','gara','21:42:01','21:46:00','RUS18'),
('1826','2018-05-14','gara','21:46:01','21:50:00','SMR18'),
('1827','2018-05-14','gara','21:50:01','21:54:00','SWE18'),
('1828','2018-05-14','gara','21:54:01','21:58:00','GBR18'),
('1829','2018-05-14','gara','21:58:01','22:02:00','UKR18'),
('1922','2019-05-14','gara','21:30:00','21:34:00','NDL19'),
('1923','2019-05-14','gara','21:34:01','21:38:00','NOR19'),
('1924','2019-05-14','gara','21:38:01','21:42:00','PRT19'),
('1925','2019-05-14','gara','21:42:01','21:46:00','RUS19'),
('1926','2019-05-14','gara','21:46:01','21:50:00','SMR19'),
('1927','2019-05-14','gara','21:50:01','21:54:00','SWE19'),
('1928','2019-05-14','gara','21:54:01','21:58:00','GBR19'),
('1929','2019-05-14','gara','21:58:01','22:02:00','UKR19'),
('1732','2017-05-16','gara','22:00:00','22:04:00','AUS17'),
('1733','2017-05-16','gara','22:04:01','22:08:00','AZE17'),
('1734','2017-05-16','gara','22:08:01','22:12:00','BEL17'),
('1735','2017-05-16','gara','22:12:01','22:16:00','CYP17'),
('1736','2017-05-16','gara','22:16:01','22:20:00','DNK17'),
('1737','2017-05-16','gara','22:20:01','22:24:00','FRA17'),
('1738','2017-05-16','gara','22:24:01','22:28:00','DEU17'),
('1739','2017-05-16','gara','22:28:01','22:32:00','ITA17'),
('17310','2017-05-16','gara','22:32:01','22:36:00','NDL17'),
('17311','2017-05-16','gara','22:36:01','22:40:00','NOR17'),
('17312','2017-05-16','gara','22:40:01','22:44:00','PRT17'),
('17313','2017-05-16','gara','22:44:01','22:48:00','RUS17'),
('17314','2017-05-16','gara','22:48:01','22:52:00','SMR17'),
('17315','2017-05-16','gara','22:52:01','22:56:00','SWE17'),
('17316','2017-05-16','gara','22:56:01','23:00:00','GBR17'),
('17317','2017-05-16','gara','23:00:01','23:04:00','UKR17'),
('1832','2018-05-16','gara','22:00:00','22:04:00','AUS18'),
('1833','2018-05-16','gara','22:04:01','22:08:00','AZE18'),
('1834','2018-05-16','gara','22:08:01','22:12:00','BEL18'),
('1835','2018-05-16','gara','22:12:01','22:16:00','CYP18'),
('1836','2018-05-16','gara','22:16:01','22:20:00','DNK18'),
('1837','2018-05-16','gara','22:20:01','22:24:00','FRA18'),
('1838','2018-05-16','gara','22:24:01','22:28:00','DEU18'),
('1839','2018-05-16','gara','22:28:01','22:32:00','ITA18'),
('18310','2018-05-16','gara','22:32:01','22:36:00','NDL18'),
('18311','2018-05-16','gara','22:36:01','22:40:00','NOR18'),
('18312','2018-05-16','gara','22:40:01','22:44:00','PRT18'),
('18313','2018-05-16','gara','22:44:01','22:48:00','RUS18'),
('18314','2018-05-16','gara','22:48:01','22:52:00','SMR18'),
('18315','2018-05-16','gara','22:52:01','22:56:00','SWE18'),
('18316','2018-05-16','gara','22:56:01','23:00:00','GBR18'),
('18317','2018-05-16','gara','23:00:01','23:04:00','UKR18'),
('1932','2019-05-16','gara','22:00:00','22:04:00','AUS19'),
('1933','2019-05-16','gara','22:04:01','22:08:00','AZE19'),
('1934','2019-05-16','gara','22:08:01','22:12:00','BEL19'),
('1935','2019-05-16','gara','22:12:01','22:16:00','CYP19'),
('1936','2019-05-16','gara','22:16:01','22:20:00','DNK19'),
('1937','2019-05-16','gara','22:20:01','22:24:00','FRA19'),
('1938','2019-05-16','gara','22:24:01','22:28:00','DEU19'),
('1939','2019-05-16','gara','22:28:01','22:32:00','ITA19'),
('19310','2019-05-16','gara','22:32:01','22:36:00','NDL19'),
('19311','2019-05-16','gara','22:36:01','22:40:00','NOR19'),
('19312','2019-05-16','gara','22:40:01','22:44:00','PRT19'),
('19313','2019-05-16','gara','22:44:01','22:48:00','RUS19'),
('19314','2019-05-16','gara','22:48:01','22:52:00','SMR19'),
('19315','2019-05-16','gara','22:52:01','22:56:00','SWE19'),
('19316','2019-05-16','gara','22:56:01','23:00:00','GBR19'),
('19317','2019-05-16','gara','23:00:01','23:04:00','UKR19'),
('1711','2017-05-12','intro','21:00:00','21:29:59',NULL),
('17110','2017-05-12','interval','22:02:01','22:30:00',NULL),
('17111','2017-05-12','qualified announce','22:30:01','23:00:00',NULL),
('1721','2017-05-14','intro','21:00:00','21:29:59',NULL),
('17210','2017-05-14','interval','22:02:01','22:30:00',NULL),
('17211','2017-05-14','qualified announce','22:30:01','23:00:00',NULL),
('1731','2017-05-16','intro','21:30:00','21:59:59',NULL),
('17318','2017-05-16','interval','23:04:01','23:30:00',NULL),
('17319','2017-05-16','voting and winner announce','23:30:01','00:15:00',NULL),
('1811','2018-05-12','intro','21:00:00','21:29:59',NULL),
('18110','2018-05-12','interval','22:02:01','22:30:00',NULL),
('18111','2018-05-12','qualified announce','22:30:01','23:00:00',NULL),
('1821','2018-05-14','intro','21:00:00','21:29:59',NULL),
('18210','2018-05-14','interval','22:02:01','22:30:00',NULL),
('18211','2018-05-14','qualified announce','22:30:01','23:00:00',NULL),
('1831','2018-05-16','intro','21:30:00','21:59:59',NULL),
('18318','2018-05-16','interval','23:04:01','23:30:00',NULL),
('18319','2018-05-16','voting and winner announce','23:30:01','00:15:00',NULL),
('1911','2019-05-12','intro','21:00:00','21:29:59',NULL),
('19110','2019-05-12','interval','22:02:01','22:30:00',NULL),
('19111','2019-05-12','qualified announce','22:30:01','23:00:00',NULL),
('1921','2019-05-14','intro','21:00:00','21:29:59',NULL),
('19210','2019-05-14','interval','22:02:01','22:30:00',NULL),
('19211','2019-05-14','qualified announce','22:30:01','23:00:00',NULL),
('1931','2019-05-16','intro','21:30:00','21:59:59',NULL),
('19318','2019-05-16','interval','23:04:01','23:30:00',NULL),
('19319','2019-05-16','voting and winner announce','23:30:01','00:15:00',NULL);

INSERT INTO Prova_Esibizione(tipo, esibizione, data_prova, ora_inizio, ora_fine) VALUES
('song reharsal','1712','2017-05-11','10:00:00','10:20:00'),
('general reharsal','1712','2017-05-12','10:00:00','10:20:00'),
('song reharsal','1722','2017-05-13','10:00:00','10:20:00'),
('general reharsal','1722','2017-05-14','10:00:00','10:20:00'),
('song reharsal','1713','2017-05-11','10:20:01','10:40:00'),
('general reharsal','1713','2017-05-12','10:20:01','10:40:00'),
('song reharsal','1723','2017-05-13','10:20:01','10:40:00'),
('general reharsal','1723','2017-05-14','10:20:01','10:40:00'),
('song reharsal','1714','2017-05-11','10:40:01','11:00:00'),
('general reharsal','1714','2017-05-12','10:40:01','11:00:00'),
('song reharsal','1724','2017-05-13','10:40:01','11:00:00'),
('general reharsal','1724','2017-05-14','10:40:01','11:00:00'),
('song reharsal','1715','2017-05-11','11:00:01','11:20:00'),
('general reharsal','1715','2017-05-12','11:00:01','11:20:00'),
('song reharsal','1725','2017-05-13','11:00:01','11:20:00'),
('general reharsal','1725','2017-05-14','11:00:01','11:20:00'),
('song reharsal','1716','2017-05-11','11:20:01','11:40:00'),
('general reharsal','1716','2017-05-12','11:20:01','11:40:00'),
('song reharsal','1726','2017-05-13','11:20:01','11:40:00'),
('general reharsal','1726','2017-05-14','11:20:01','11:40:00'),
('song reharsal','1717','2017-05-11','11:40:01','12:00:00'),
('general reharsal','1717','2017-05-12','11:40:01','12:00:00'),
('song reharsal','1727','2017-05-13','11:40:01','12:00:00'),
('general reharsal','1727','2017-05-14','11:40:01','12:00:00'),
('song reharsal','1718','2017-05-11','12:00:01','12:20:00'),
('general reharsal','1718','2017-05-12','12:00:01','12:20:00'),
('song reharsal','1728','2017-05-13','12:00:01','12:20:00'),
('general reharsal','1728','2017-05-14','12:00:01','12:20:00'),
('song reharsal','1719','2017-05-11','12:20:01','12:40:00'),
('general reharsal','1719','2017-05-12','12:20:01','12:40:00'),
('song reharsal','1729','2017-05-13','12:20:01','12:40:00'),
('general reharsal','1729','2017-05-14','12:20:01','12:40:00'),
('song reharsal','1732','2017-05-15','10:00:00','10:20:00'),
('general reharsal','1732','2017-05-16','10:00:00','10:20:00'),
('song reharsal','1733','2017-05-15','10:20:01','10:40:00'),
('general reharsal','1733','2017-05-16','10:20:01','10:40:00'),
('song reharsal','1734','2017-05-15','10:40:01','11:00:00'),
('general reharsal','1734','2017-05-16','10:40:01','11:00:00'),
('song reharsal','1735','2017-05-15','11:00:01','11:20:00'),
('general reharsal','1735','2017-05-16','11:00:01','11:20:00'),
('song reharsal','1736','2017-05-15','11:20:01','11:40:00'),
('general reharsal','1736','2017-05-16','11:20:01','11:40:00'),
('song reharsal','1737','2017-05-15','11:40:01','12:00:00'),
('general reharsal','1737','2017-05-16','11:40:01','12:00:00'),
('song reharsal','1738','2017-05-15','12:00:01','12:20:00'),
('general reharsal','1738','2017-05-16','12:00:01','12:20:00'),
('song reharsal','1739','2017-05-15','12:20:01','12:40:00'),
('general reharsal','1739','2017-05-16','12:20:01','12:40:00'),
('song reharsal','17310','2017-05-15','12:40:01','13:00:00'),
('general reharsal','17310','2017-05-16','12:40:01','13:00:00'),
('song reharsal','17311','2017-05-15','13:00:01','13:20:00'),
('general reharsal','17311','2017-05-16','13:00:01','13:20:00'),
('song reharsal','17312','2017-05-15','13:20:01','13:40:00'),
('general reharsal','17312','2017-05-16','13:20:01','13:40:00'),
('song reharsal','17313','2017-05-15','13:40:01','14:00:00'),
('general reharsal','17313','2017-05-16','13:40:01','14:00:00'),
('song reharsal','17314','2017-05-15','14:00:01','14:20:00'),
('general reharsal','17314','2017-05-16','14:00:01','14:20:00'),
('song reharsal','17315','2017-05-15','14:20:01','14:40:00'),
('general reharsal','17315','2017-05-16','14:20:01','14:40:00'),
('song reharsal','17316','2017-05-15','14:40:01','15:00:00'),
('general reharsal','17316','2017-05-16','14:40:01','15:00:00'),
('song reharsal','17317','2017-05-15','15:00:01','15:20:00'),
('general reharsal','17317','2017-05-16','15:00:01','15:20:00'),
('song reharsal','1812','2018-05-11','10:00:00','10:20:00'),
('general reharsal','1812','2018-05-12','10:00:00','10:20:00'),
('song reharsal','1822','2018-05-13','10:00:00','10:20:00'),
('general reharsal','1822','2018-05-14','10:00:00','10:20:00'),
('song reharsal','1813','2018-05-11','10:20:01','10:40:00'),
('general reharsal','1813','2018-05-12','10:20:01','10:40:00'),
('song reharsal','1823','2018-05-13','10:20:01','10:40:00'),
('general reharsal','1823','2018-05-14','10:20:01','10:40:00'),
('song reharsal','1814','2018-05-11','10:40:01','11:00:00'),
('general reharsal','1814','2018-05-12','10:40:01','11:00:00'),
('song reharsal','1824','2018-05-13','10:40:01','11:00:00'),
('general reharsal','1824','2018-05-14','10:40:01','11:00:00'),
('song reharsal','1815','2018-05-11','11:00:01','11:20:00'),
('general reharsal','1815','2018-05-12','11:00:01','11:20:00'),
('song reharsal','1825','2018-05-13','11:00:01','11:20:00'),
('general reharsal','1825','2018-05-14','11:00:01','11:20:00'),
('song reharsal','1816','2018-05-11','11:20:01','11:40:00'),
('general reharsal','1816','2018-05-12','11:20:01','11:40:00'),
('song reharsal','1826','2018-05-13','11:20:01','11:40:00'),
('general reharsal','1826','2018-05-14','11:20:01','11:40:00'),
('song reharsal','1817','2018-05-11','11:40:01','12:00:00'),
('general reharsal','1817','2018-05-12','11:40:01','12:00:00'),
('song reharsal','1827','2018-05-13','11:40:01','12:00:00'),
('general reharsal','1827','2018-05-14','11:40:01','12:00:00'),
('song reharsal','1818','2018-05-11','12:00:01','12:20:00'),
('general reharsal','1818','2018-05-12','12:00:01','12:20:00'),
('song reharsal','1828','2018-05-13','12:00:01','12:20:00'),
('general reharsal','1828','2018-05-14','12:00:01','12:20:00'),
('song reharsal','1819','2018-05-11','12:20:01','12:40:00'),
('general reharsal','1819','2018-05-12','12:20:01','12:40:00'),
('song reharsal','1829','2018-05-13','12:20:01','12:40:00'),
('general reharsal','1829','2018-05-14','12:20:01','12:40:00'),
('song reharsal','1832','2018-05-15','10:00:00','10:20:00'),
('general reharsal','1832','2018-05-16','10:00:00','10:20:00'),
('song reharsal','1833','2018-05-15','10:20:01','10:40:00'),
('general reharsal','1833','2018-05-16','10:20:01','10:40:00'),
('song reharsal','1834','2018-05-15','10:40:01','11:00:00'),
('general reharsal','1834','2018-05-16','10:40:01','11:00:00'),
('song reharsal','1835','2018-05-15','11:00:01','11:20:00'),
('general reharsal','1835','2018-05-16','11:00:01','11:20:00'),
('song reharsal','1836','2018-05-15','11:20:01','11:40:00'),
('general reharsal','1836','2018-05-16','11:20:01','11:40:00'),
('song reharsal','1837','2018-05-15','11:40:01','12:00:00'),
('general reharsal','1837','2018-05-16','11:40:01','12:00:00'),
('song reharsal','1838','2018-05-15','12:00:01','12:20:00'),
('general reharsal','1838','2018-05-16','12:00:01','12:20:00'),
('song reharsal','1839','2018-05-15','12:20:01','12:40:00'),
('general reharsal','1839','2018-05-16','12:20:01','12:40:00'),
('song reharsal','18310','2018-05-15','12:40:01','13:00:00'),
('general reharsal','18310','2018-05-16','12:40:01','13:00:00'),
('song reharsal','18311','2018-05-15','13:00:01','13:20:00'),
('general reharsal','18311','2018-05-16','13:00:01','13:20:00'),
('song reharsal','18312','2018-05-15','13:20:01','13:40:00'),
('general reharsal','18312','2018-05-16','13:20:01','13:40:00'),
('song reharsal','18313','2018-05-15','13:40:01','14:00:00'),
('general reharsal','18313','2018-05-16','13:40:01','14:00:00'),
('song reharsal','18314','2018-05-15','14:00:01','14:20:00'),
('general reharsal','18314','2018-05-16','14:00:01','14:20:00'),
('song reharsal','18315','2018-05-15','14:20:01','14:40:00'),
('general reharsal','18315','2018-05-16','14:20:01','14:40:00'),
('song reharsal','18316','2018-05-15','14:40:01','15:00:00'),
('general reharsal','18316','2018-05-16','14:40:01','15:00:00'),
('song reharsal','18317','2018-05-15','15:00:01','15:20:00'),
('general reharsal','18317','2018-05-16','15:00:01','15:20:00'),
('song reharsal','1912','2019-05-11','10:00:00','10:20:00'),
('general reharsal','1912','2019-05-12','10:00:00','10:20:00'),
('song reharsal','1922','2019-05-13','10:00:00','10:20:00'),
('general reharsal','1922','2019-05-14','10:00:00','10:20:00'),
('song reharsal','1913','2019-05-11','10:20:01','10:40:00'),
('general reharsal','1913','2019-05-12','10:20:01','10:40:00'),
('song reharsal','1923','2019-05-13','10:20:01','10:40:00'),
('general reharsal','1923','2019-05-14','10:20:01','10:40:00'),
('song reharsal','1914','2019-05-11','10:40:01','11:00:00'),
('general reharsal','1914','2019-05-12','10:40:01','11:00:00'),
('song reharsal','1924','2019-05-13','10:40:01','11:00:00'),
('general reharsal','1924','2019-05-14','10:40:01','11:00:00'),
('song reharsal','1915','2019-05-11','11:00:01','11:20:00'),
('general reharsal','1915','2019-05-12','11:00:01','11:20:00'),
('song reharsal','1925','2019-05-13','11:00:01','11:20:00'),
('general reharsal','1925','2019-05-14','11:00:01','11:20:00'),
('song reharsal','1916','2019-05-11','11:20:01','11:40:00'),
('general reharsal','1916','2019-05-12','11:20:01','11:40:00'),
('song reharsal','1926','2019-05-13','11:20:01','11:40:00'),
('general reharsal','1926','2019-05-14','11:20:01','11:40:00'),
('song reharsal','1917','2019-05-11','11:40:01','12:00:00'),
('general reharsal','1917','2019-05-12','11:40:01','12:00:00'),
('song reharsal','1927','2019-05-13','11:40:01','12:00:00'),
('general reharsal','1927','2019-05-14','11:40:01','12:00:00'),
('song reharsal','1918','2019-05-11','12:00:01','12:20:00'),
('general reharsal','1918','2019-05-12','12:00:01','12:20:00'),
('song reharsal','1928','2019-05-13','12:00:01','12:20:00'),
('general reharsal','1928','2019-05-14','12:00:01','12:20:00'),
('song reharsal','1919','2019-05-11','12:20:01','12:40:00'),
('general reharsal','1919','2019-05-12','12:20:01','12:40:00'),
('song reharsal','1929','2019-05-13','12:20:01','12:40:00'),
('general reharsal','1929','2019-05-14','12:20:01','12:40:00'),
('song reharsal','1932','2019-05-15','10:00:00','10:20:00'),
('general reharsal','1932','2019-05-16','10:00:00','10:20:00'),
('song reharsal','1933','2019-05-15','10:20:01','10:40:00'),
('general reharsal','1933','2019-05-16','10:20:01','10:40:00'),
('song reharsal','1934','2019-05-15','10:40:01','11:00:00'),
('general reharsal','1934','2019-05-16','10:40:01','11:00:00'),
('song reharsal','1935','2019-05-15','11:00:01','11:20:00'),
('general reharsal','1935','2019-05-16','11:00:01','11:20:00'),
('song reharsal','1936','2019-05-15','11:20:01','11:40:00'),
('general reharsal','1936','2019-05-16','11:20:01','11:40:00'),
('song reharsal','1937','2019-05-15','11:40:01','12:00:00'),
('general reharsal','1937','2019-05-16','11:40:01','12:00:00'),
('song reharsal','1938','2019-05-15','12:00:01','12:20:00'),
('general reharsal','1938','2019-05-16','12:00:01','12:20:00'),
('song reharsal','1939','2019-05-15','12:20:01','12:40:00'),
('general reharsal','1939','2019-05-16','12:20:01','12:40:00'),
('song reharsal','19310','2019-05-15','12:40:01','13:00:00'),
('general reharsal','19310','2019-05-16','12:40:01','13:00:00'),
('song reharsal','19311','2019-05-15','13:00:01','13:20:00'),
('general reharsal','19311','2019-05-16','13:00:01','13:20:00'),
('song reharsal','19312','2019-05-15','13:20:01','13:40:00'),
('general reharsal','19312','2019-05-16','13:20:01','13:40:00'),
('song reharsal','19313','2019-05-15','13:40:01','14:00:00'),
('general reharsal','19313','2019-05-16','13:40:01','14:00:00'),
('song reharsal','19314','2019-05-15','14:00:01','14:20:00'),
('general reharsal','19314','2019-05-16','14:00:01','14:20:00'),
('song reharsal','19315','2019-05-15','14:20:01','14:40:00'),
('general reharsal','19315','2019-05-16','14:20:01','14:40:00'),
('song reharsal','19316','2019-05-15','14:40:01','15:00:00'),
('general reharsal','19316','2019-05-16','14:40:01','15:00:00'),
('song reharsal','19317','2019-05-15','15:00:01','15:20:00'),
('general reharsal','19317','2019-05-16','15:00:01','15:20:00');

INSERT INTO Conduttore(codice_fiscale,nome_arte,cognome,nome,nazionalita) VALUES
('UKRcond100',NULL,'macritz','kristin','UKR'),
('UKRcond101','pauline','kant','paula','UKR'),
('BELcond102',NULL,'prix','pier','BEL'),
('BELart102','blanche','blanchette','claire','BEL'),
('ITAcond104','amadeus','sebastiani','amedeo','ITA'),
('ITAcond105',NULL,'fiorello','rosario','ITA');

INSERT INTO Conduzione(esc,conduttore) VALUES
(2017,'UKRcond100'),
(2017,'UKRcond101'),
(2018,'BELcond102'),
(2018,'BELart102'),
(2019,'ITAcond104'),
(2019,'ITAcond105');

INSERT INTO Performance_Conduttore(esibizione,conduttore) VALUES
('1711','UKRcond100'),
('1711','UKRcond101'),
('1721','UKRcond100'),
('1721','UKRcond101'),
('1731','UKRcond100'),
('1731','UKRcond101'),
('1811','BELcond102'),
('1811','BELart102'),
('1821','BELcond102'),
('1821','BELart102'),
('1831','BELcond102'),
('1831','BELart102'),
('1911','ITAcond104'),
('1911','ITAcond105'),
('1921','ITAcond104'),
('1921','ITAcond105'),
('1931','ITAcond104'),
('1931','ITAcond105'),
('17111','UKRcond100'),
('17111','UKRcond101'),
('17211','UKRcond100'),
('17211','UKRcond101'),
('17319','UKRcond100'),
('17319','UKRcond101'),
('18111','BELcond102'),
('18111','BELart102'),
('18211','BELcond102'),
('18211','BELart102'),
('18319','BELcond102'),
('18319','BELart102'),
('19111','ITAcond104'),
('19111','ITAcond105'),
('19211','ITAcond104'),
('19211','ITAcond105'),
('19319','ITAcond104'),
('19319','ITAcond105'),
('17110','UKRcond100'),
('17110','UKRcond101'),
('17210','UKRcond100'),
('17210','UKRcond101'),
('18110','BELart102'),
('18210','BELart102'),
('18318','BELart102'),
('19110','ITAcond105'),
('19210','ITAcond105');

INSERT INTO Ospite(codice_fiscale,nome_arte,cognome,nome,nazionalita) VALUES
('UKRosp100','Jamala','Dzamaladinova','Susana','UKR'),
('GBRosp101','Ellie Goulding','Goulding','Elena','GBR'),
('USAosp102',NULL,'Swift','Taylor','USA'),
('FRAosp103',NULL,'Guetta','David','FRA');

INSERT INTO Performance_Ospite (esibizione,ospite) VALUES
('17318','UKRosp100'),
('17311','UKRosp100'),
('17318','GBRosp101'),
('18318','USAosp102'),
('19318','FRAosp103');


INSERT INTO Selezione_Nazionale (anno,nazione,modalità,emittente) VALUES
(2017,'AUS','festival','SBS'),
(2017,'AZE','festival','ITV'),
(2017,'BEL','festival','VRT'),
(2017,'CYP','festival','CyBC'),
(2017,'DNK','festival','DR'),
(2017,'FRA','festival','France Television'),
(2017,'DEU','festival','NDR'),
(2017,'ITA','festival','RAI'),
(2017,'NDL','festival','AVROTROS'),
(2017,'NOR','festival','NRK'),
(2017,'PRT','festival','RTP'),
(2017,'RUS','festival','C1R'),
(2017,'SMR','festival','SMRTV'),
(2017,'SWE','festival','SVT'),
(2017,'GBR','festival','BBC'),
(2017,'UKR','festival','UA:PBC'),
(2018,'AUS','festival','SBS'),
(2018,'AZE','festival','ITV'),
(2018,'BEL','festival','VRT'),
(2018,'CYP','festival','CyBC'),
(2018,'DNK','festival','DR'),
(2018,'FRA','festival','France Television'),
(2018,'DEU','festival','NDR'),
(2018,'ITA','festival','RAI'),
(2018,'NDL','festival','AVROTROS'),
(2018,'NOR','festival','NRK'),
(2018,'PRT','festival','RTP'),
(2018,'RUS','festival','C1R'),
(2018,'SMR','festival','SMRTV'),
(2018,'SWE','festival','SVT'),
(2018,'GBR','festival','BBC'),
(2018,'UKR','festival','UA:PBC'),
(2019,'AUS','festival','SBS'),
(2019,'AZE','festival','ITV'),
(2019,'BEL','festival','VRT'),
(2019,'CYP','festival','CyBC'),
(2019,'DNK','festival','DR'),
(2019,'FRA','festival','France Television'),
(2019,'DEU','festival','NDR'),
(2019,'ITA','festival','RAI'),
(2019,'NDL','festival','AVROTROS'),
(2019,'NOR','festival','NRK'),
(2019,'PRT','festival','RTP'),
(2019,'RUS','festival','C1R'),
(2019,'SMR','festival','SMRTV'),
(2019,'SWE','festival','SVT'),
(2019,'GBR','festival','BBC'),
(2019,'UKR','festival','UA:PBC');

INSERT INTO Selezione (artista,anno,nazione) VALUES
('AUSart100',2017,'AUS'),
('AZEart101',2017,'AZE'),
('BELart102',2017,'BEL'),
('AZEart103',2017,'CYP'),
('DNKart104',2017,'DNK'),
('FRAart105',2017,'FRA'),
('DEUart106',2017,'DEU'),
('ITAart107',2017,'ITA'),
('NDLart108',2017,'NDL'),
('NORart109',2017,'NOR'),
('PRTart110',2017,'PRT'),
('RUSart111',2017,'RUS'),
('SMRart112',2017,'SMR'),
('SWEart113',2017,'SWE'),
('GBRart114',2017,'GBR'),
('UKRart115',2017,'UKR'),
('AUSart116',2018,'AUS'),
('AZEart117',2018,'AZE'),
('BELart118',2018,'BEL'),
('CYPart119',2018,'CYP'),
('DNKart120',2018,'DNK'),
('DNKart132',2018,'DNK'),
('DNKart133',2018,'DNK'),
('FRAart121',2018,'FRA'),
('FRAart134',2018,'FRA'),
('DEUart122',2018,'DEU'),
('ITAart123',2018,'ITA'),
('NDLart124',2018,'NDL'),
('NORart125',2018,'NOR'),
('PRTart126',2018,'PRT'),
('PRTart135',2018,'PRT'),
('RUSart111',2018,'RUS'),
('RUSart128',2018,'SMR'),
('SWEart129',2018,'SWE'),
('GBRart130',2018,'GBR'),
('UKRart131',2018,'UKR'),
('UKRart136',2018,'UKR'),
('UKRart137',2018,'UKR'),
('UKRart138',2018,'UKR'),
('AUSart116',2019,'AUS'),
('AZEart139',2019,'AZE'),
('BELart140',2019,'BEL'),
('BELart141',2019,'BEL'),
('BELart142',2019,'BEL'),
('CYPart119',2019,'CYP'),
('DNKart143',2019,'DNK'),
('DNKart144',2019,'DNK'),
('FRAart105',2019,'FRA'),
('DEUart122',2019,'DEU'),
('ITAart123',2019,'ITA'),
('NDLart147',2019,'NDL'),
('NORart109',2019,'NOR'),
('PRTart145',2019,'PRT'),
('RUSart111',2019,'RUS'),
('RUSart128',2019,'SMR'),
('SWEart146',2019,'SWE'),
('GBRart114',2019,'GBR'),
('UKRart147',2019,'UKR');

INSERT INTO Votante (id,nazione,tipo,anno,persone_televotanti) VALUES
('AUS171','AUS','jury','2017',NULL),
('AUS172','AUS','televoting','2017',100000),
('AZE171','AZE','jury','2017',NULL),
('AZE172','AZE','televoting','2017',101063),
('BEL171','BEL','jury','2017',NULL),
('BEL172','BEL','televoting','2017',102126),
('CYP171','CYP','jury','2017',NULL),
('CYP172','CYP','televoting','2017',103189),
('DNK171','DNK','jury','2017',NULL),
('DNK172','DNK','televoting','2017',104252),
('FRA171','FRA','jury','2017',NULL),
('FRA172','FRA','televoting','2017',105315),
('DEU171','DEU','jury','2017',NULL),
('DEU172','DEU','televoting','2017',106378),
('ITA171','ITA','jury','2017',NULL),
('ITA172','ITA','televoting','2017',107441),
('NDL171','NDL','jury','2017',NULL),
('NDL172','NDL','televoting','2017',108504),
('NOR171','NOR','jury','2017',NULL),
('NOR172','NOR','televoting','2017',109567),
('PRT171','PRT','jury','2017',NULL),
('PRT172','PRT','televoting','2017',110630),
('RUS171','RUS','jury','2017',NULL),
('RUS172','RUS','televoting','2017',111693),
('SMR171','SMR','jury','2017',NULL),
('SMR172','SMR','televoting','2017',112756),
('SWE171','SWE','jury','2017',NULL),
('SWE172','SWE','televoting','2017',113819),
('GBR171','GBR','jury','2017',NULL),
('GBR172','GBR','televoting','2017',114882),
('UKR171','UKR','jury','2017',NULL),
('UKR172','UKR','televoting','2017',115945),
('AUS181','AUS','jury','2018',NULL),
('AUS182','AUS','televoting','2018',117008),
('AZE181','AZE','jury','2018',NULL),
('AZE182','AZE','televoting','2018',118071),
('BEL181','BEL','jury','2018',NULL),
('BEL182','BEL','televoting','2018',119134),
('CYP181','CYP','jury','2018',NULL),
('CYP182','CYP','televoting','2018',120197),
('DNK181','DNK','jury','2018',NULL),
('DNK182','DNK','televoting','2018',121260),
('FRA181','FRA','jury','2018',NULL),
('FRA182','FRA','televoting','2018',122323),
('DEU181','DEU','jury','2018',NULL),
('DEU182','DEU','televoting','2018',123386),
('ITA181','ITA','jury','2018',NULL),
('ITA182','ITA','televoting','2018',124449),
('NDL181','NDL','jury','2018',NULL),
('NDL182','NDL','televoting','2018',125512),
('NOR181','NOR','jury','2018',NULL),
('NOR182','NOR','televoting','2018',126575),
('PRT181','PRT','jury','2018',NULL),
('PRT182','PRT','televoting','2018',127638),
('RUS181','RUS','jury','2018',NULL),
('RUS182','RUS','televoting','2018',128701),
('SMR181','SMR','jury','2018',NULL),
('SMR182','SMR','televoting','2018',129764),
('SWE181','SWE','jury','2018',NULL),
('SWE182','SWE','televoting','2018',130827),
('GBR181','GBR','jury','2018',NULL),
('GBR182','GBR','televoting','2018',131890),
('UKR181','UKR','jury','2018',NULL),
('UKR182','UKR','televoting','2018',132953),
('AUS191','AUS','jury','2019',NULL),
('AUS192','AUS','televoting','2019',134016),
('AZE191','AZE','jury','2019',NULL),
('AZE192','AZE','televoting','2019',135079),
('BEL191','BEL','jury','2019',NULL),
('BEL192','BEL','televoting','2019',136142),
('CYP191','CYP','jury','2019',NULL),
('CYP192','CYP','televoting','2019',137205),
('DNK191','DNK','jury','2019',NULL),
('DNK192','DNK','televoting','2019',138268),
('FRA191','FRA','jury','2019',NULL),
('FRA192','FRA','televoting','2019',139331),
('DEU191','DEU','jury','2019',NULL),
('DEU192','DEU','televoting','2019',140394),
('ITA191','ITA','jury','2019',NULL),
('ITA192','ITA','televoting','2019',141457),
('NDL191','NDL','jury','2019',NULL),
('NDL192','NDL','televoting','2019',142520),
('NOR191','NOR','jury','2019',NULL),
('NOR192','NOR','televoting','2019',143583),
('PRT191','PRT','jury','2019',NULL),
('PRT192','PRT','televoting','2019',144646),
('RUS191','RUS','jury','2019',NULL),
('RUS192','RUS','televoting','2019',145709),
('SMR191','SMR','jury','2019',NULL),
('SMR192','SMR','televoting','2019',146772),
('SWE191','SWE','jury','2019',NULL),
('SWE192','SWE','televoting','2019',147835),
('GBR191','GBR','jury','2019',NULL),
('GBR192','GBR','televoting','2019',148898),
('UKR191','UKR','jury','2019',NULL),
('UKR192','UKR','televoting','2019',149961);

INSERT INTO Membro_Giuria(codice_fiscale,cognome,nome) VALUES
('AUSgiur100','artick','monkey'),
('AUSgiur101','mettk','john'),
('AZEgiur102','zebi','sebi'),
('AZEgiur103','sabu','tibi'),
('BELgiur104','belmi','gino'),
('BELgiur105','babbo','tito'),
('CYPgiur106','finch','fritty'),
('CYPgiur107','tyty','beth'),
('DNKgiur108','brush','miop'),
('DNKgiur109','sckri','alice'),
('FRAgiur110','blue','pier'),
('FRAgiur111','ouai','pier'),
('DEUgiur112','zein','kirstine'),
('DEUgiur113','brinler','mary'),
('ITAgiur114','castaldo','gino'),
('ITAgiur115','stocholma','ema'),
('NDLgiur116','nazati','dutch'),
('NDLgiur117','bibbi','babbi'),
('NORgiur118','krti','krock'),
('NORgiur119','crock','crit'),
('PRTgiur120','soler','alvaro'),
('PRTgiur121','ombres','martina'),
('RUSgiur122','dimitri','ivan'),
('RUSgiur123','uganti','giovanni'),
('SMRgiur124','bella','ciao'),
('SMRgiur125','monti','felice'),
('SWEgiur126','sweee','aiu'),
('SWEgiur127','ewewe','brisch'),
('GBRgiur128','sheeran','ed'),
('GBRgiur129','mccartney','paul'),
('UKRgiur130','fri','frock'),
('UKRgiur131','trap','samuel'),
('BELart102','blanchette','claire');

INSERT INTO Composizione_Giuria(giudice,giuria) VALUES
('AUSgiur100','AUS171'),
('AUSgiur101','AUS171'),
('AZEgiur102','AZE171'),
('AZEgiur103','AZE171'),
('BELgiur104','BEL171'),
('BELgiur105','BEL171'),
('CYPgiur106','CYP171'),
('CYPgiur107','CYP171'),
('DNKgiur108','DNK171'),
('DNKgiur109','DNK171'),
('FRAgiur110','FRA171'),
('FRAgiur111','FRA171'),
('DEUgiur112','DEU171'),
('DEUgiur113','DEU171'),
('ITAgiur114','ITA171'),
('ITAgiur115','ITA171'),
('NDLgiur116','NDL171'),
('NDLgiur117','NDL171'),
('NORgiur118','NOR171'),
('NORgiur119','NOR171'),
('PRTgiur120','PRT171'),
('PRTgiur121','PRT171'),
('RUSgiur122','RUS171'),
('RUSgiur123','RUS171'),
('SMRgiur124','SMR171'),
('SMRgiur125','SMR171'),
('SWEgiur126','SWE171'),
('SWEgiur127','SWE171'),
('GBRgiur128','GBR171'),
('GBRgiur129','GBR171'),
('UKRgiur130','UKR171'),
('UKRgiur131','UKR171'),
('AUSgiur100','AUS181'),
('AUSgiur101','AUS181'),
('AZEgiur102','AZE181'),
('AZEgiur103','AZE181'),
('BELgiur104','BEL181'),
('BELgiur105','BEL181'),
('CYPgiur106','CYP181'),
('CYPgiur107','CYP181'),
('DNKgiur108','DNK181'),
('DNKgiur109','DNK181'),
('FRAgiur110','FRA181'),
('FRAgiur111','FRA181'),
('DEUgiur112','DEU181'),
('DEUgiur113','DEU181'),
('ITAgiur114','ITA181'),
('ITAgiur115','ITA181'),
('NDLgiur116','NDL181'),
('NDLgiur117','NDL181'),
('NORgiur118','NOR181'),
('NORgiur119','NOR181'),
('PRTgiur120','PRT181'),
('PRTgiur121','PRT181'),
('RUSgiur122','RUS181'),
('RUSgiur123','RUS181'),
('SMRgiur124','SMR181'),
('SMRgiur125','SMR181'),
('SWEgiur126','SWE181'),
('SWEgiur127','SWE181'),
('GBRgiur128','GBR181'),
('GBRgiur129','GBR181'),
('UKRgiur130','UKR181'),
('UKRgiur131','UKR181'),
('AUSgiur100','AUS191'),
('AUSgiur101','AUS191'),
('AZEgiur102','AZE191'),
('AZEgiur103','AZE191'),
('BELgiur104','BEL191'),
('BELart102','BEL191'),
('CYPgiur106','CYP191'),
('CYPgiur107','CYP191'),
('DNKgiur108','DNK191'),
('DNKgiur109','DNK191'),
('FRAgiur110','FRA191'),
('FRAgiur111','FRA191'),
('DEUgiur112','DEU191'),
('DEUgiur113','DEU191'),
('ITAgiur114','ITA191'),
('ITAgiur115','ITA191'),
('NDLgiur116','NDL191'),
('NDLgiur117','NDL191'),
('NORgiur118','NOR191'),
('NORgiur119','NOR191'),
('PRTgiur120','PRT191'),
('PRTgiur121','PRT191'),
('RUSgiur122','RUS191'),
('RUSgiur123','RUS191'),
('SMRgiur124','SMR191'),
('SMRgiur125','SMR191'),
('SWEgiur126','SWE191'),
('SWEgiur127','SWE191'),
('GBRgiur128','GBR191'),
('GBRgiur129','GBR191'),
('UKRgiur130','UKR191'),
('UKRgiur131','UKR191');

INSERT INTO Collaboratore(codice_fiscale,nome_arte,cognome,nome,nazionalita,ruolo) VALUES
('ITAcol100','the wizard','d amico','alberto','ITA','artistic director'),
('BELcol101','gio','water','giovanna','BEL','artistic director'),
('UKRcol102',NULL,'uklik','anne','UKR','artistic director'),
('CYPcol103',NULL,'arzi','annette','CYP','artistic director'),
('RUScol104',NULL,'mat','pablok','RUS','dancer'),
('RUScol105',NULL,'bri','pietroij','RUS','dancer');

INSERT INTO Collaborazione (collaboratore,esibizione) VALUES
('ITAcol100','1712'),
('ITAcol100','1722'),
('BELcol101','1713'),
('BELcol101','1723'),
('UKRcol102','1714'),
('UKRcol102','1724'),
('CYPcol103','1715'),
('CYPcol103','1725'),
('ITAcol100','1716'),
('ITAcol100','1726'),
('BELcol101','1717'),
('BELcol101','1727'),
('UKRcol102','1718'),
('UKRcol102','1728'),
('CYPcol103','1719'),
('CYPcol103','1729'),
('ITAcol100','1812'),
('ITAcol100','1822'),
('BELcol101','1813'),
('BELcol101','1823'),
('UKRcol102','1814'),
('UKRcol102','1824'),
('CYPcol103','1815'),
('CYPcol103','1825'),
('ITAcol100','1816'),
('ITAcol100','1826'),
('BELcol101','1817'),
('BELcol101','1827'),
('UKRcol102','1818'),
('UKRcol102','1828'),
('CYPcol103','1819'),
('CYPcol103','1829'),
('ITAcol100','1912'),
('ITAcol100','1922'),
('BELcol101','1913'),
('BELcol101','1923'),
('UKRcol102','1914'),
('UKRcol102','1924'),
('CYPcol103','1915'),
('CYPcol103','1925'),
('ITAcol100','1916'),
('ITAcol100','1926'),
('BELcol101','1917'),
('BELcol101','1927'),
('UKRcol102','1918'),
('UKRcol102','1928'),
('CYPcol103','1919'),
('CYPcol103','1929'),
('ITAcol100','1732'),
('BELcol101','1733'),
('UKRcol102','1734'),
('CYPcol103','1735'),
('ITAcol100','1736'),
('BELcol101','1737'),
('UKRcol102','1738'),
('CYPcol103','1739'),
('ITAcol100','17310'),
('BELcol101','17311'),
('UKRcol102','17312'),
('CYPcol103','17313'),
('ITAcol100','17314'),
('BELcol101','17315'),
('UKRcol102','17316'),
('CYPcol103','17317'),
('ITAcol100','1832'),
('BELcol101','1833'),
('UKRcol102','1834'),
('CYPcol103','1835'),
('ITAcol100','1836'),
('BELcol101','1837'),
('UKRcol102','1838'),
('CYPcol103','1839'),
('ITAcol100','18310'),
('BELcol101','18311'),
('UKRcol102','18312'),
('CYPcol103','18313'),
('ITAcol100','18314'),
('BELcol101','18315'),
('UKRcol102','18316'),
('CYPcol103','18317'),
('ITAcol100','1932'),
('BELcol101','1933'),
('UKRcol102','1934'),
('CYPcol103','1935'),
('ITAcol100','1936'),
('BELcol101','1937'),
('UKRcol102','1938'),
('CYPcol103','1939'),
('ITAcol100','19310'),
('BELcol101','19311'),
('UKRcol102','19312'),
('CYPcol103','19313'),
('ITAcol100','19314'),
('BELcol101','19315'),
('UKRcol102','19316'),
('CYPcol103','19317'),
('RUScol104','1725'),
('RUScol104','17313'),
('RUScol104','19313'),
('RUScol105','1725'),
('RUScol105','17313'),
('RUScol105','19313');

INSERT INTO Voto (votante,canzone,serata,punteggio) VALUES
('AUS171','DEU17','2017-05-12',12),
('AUS171','ITA17','2017-05-12',10),
('AUS171','CYP17','2017-05-12',8),
('AUS171','DNK17','2017-05-12',7),
('AUS171','FRA17','2017-05-12',6),
('AUS171','AZE17','2017-05-12',5),
('AUS171','BEL17','2017-05-12',4),
('AUS172','DNK17','2017-05-12',12),
('AUS172','DEU17','2017-05-12',10),
('AUS172','BEL17','2017-05-12',8),
('AUS172','FRA17','2017-05-12',7),
('AUS172','ITA17','2017-05-12',6),
('AUS172','AZE17','2017-05-12',5),
('AUS172','CYP17','2017-05-12',4),
('AZE171','ITA17','2017-05-12',12),
('AZE171','DEU17','2017-05-12',10),
('AZE171','CYP17','2017-05-12',8),
('AZE171','BEL17','2017-05-12',7),
('AZE171','AUS17','2017-05-12',6),
('AZE171','FRA17','2017-05-12',5),
('AZE171','DNK17','2017-05-12',4),
('AZE172','FRA17','2017-05-12',12),
('AZE172','DNK17','2017-05-12',10),
('AZE172','AUS17','2017-05-12',8),
('AZE172','ITA17','2017-05-12',7),
('AZE172','BEL17','2017-05-12',6),
('AZE172','CYP17','2017-05-12',5),
('AZE172','DEU17','2017-05-12',4),
('BEL171','DNK17','2017-05-12',12),
('BEL171','CYP17','2017-05-12',10),
('BEL171','DEU17','2017-05-12',8),
('BEL171','AZE17','2017-05-12',7),
('BEL171','ITA17','2017-05-12',6),
('BEL171','FRA17','2017-05-12',5),
('BEL171','AUS17','2017-05-12',4),
('BEL172','CYP17','2017-05-12',12),
('BEL172','AZE17','2017-05-12',10),
('BEL172','FRA17','2017-05-12',8),
('BEL172','DEU17','2017-05-12',7),
('BEL172','DNK17','2017-05-12',6),
('BEL172','AUS17','2017-05-12',5),
('BEL172','ITA17','2017-05-12',4),
('CYP171','FRA17','2017-05-12',12),
('CYP171','AUS17','2017-05-12',10),
('CYP171','AZE17','2017-05-12',8),
('CYP171','DEU17','2017-05-12',7),
('CYP171','DNK17','2017-05-12',6),
('CYP171','BEL17','2017-05-12',5),
('CYP171','ITA17','2017-05-12',4),
('CYP172','DNK17','2017-05-12',12),
('CYP172','AUS17','2017-05-12',10),
('CYP172','BEL17','2017-05-12',8),
('CYP172','ITA17','2017-05-12',7),
('CYP172','AZE17','2017-05-12',6),
('CYP172','DEU17','2017-05-12',5),
('CYP172','FRA17','2017-05-12',4),
('DNK171','ITA17','2017-05-12',12),
('DNK171','FRA17','2017-05-12',10),
('DNK171','AZE17','2017-05-12',8),
('DNK171','DEU17','2017-05-12',7),
('DNK171','AUS17','2017-05-12',6),
('DNK171','CYP17','2017-05-12',5),
('DNK171','BEL17','2017-05-12',4),
('DNK172','AZE17','2017-05-12',12),
('DNK172','FRA17','2017-05-12',10),
('DNK172','DEU17','2017-05-12',8),
('DNK172','CYP17','2017-05-12',7),
('DNK172','AUS17','2017-05-12',6),
('DNK172','ITA17','2017-05-12',5),
('DNK172','BEL17','2017-05-12',4),
('FRA171','DEU17','2017-05-12',12),
('FRA171','AZE17','2017-05-12',10),
('FRA171','ITA17','2017-05-12',8),
('FRA171','AUS17','2017-05-12',7),
('FRA171','DNK17','2017-05-12',6),
('FRA171','BEL17','2017-05-12',5),
('FRA171','CYP17','2017-05-12',4),
('FRA172','AUS17','2017-05-12',12),
('FRA172','DNK17','2017-05-12',10),
('FRA172','DEU17','2017-05-12',8),
('FRA172','BEL17','2017-05-12',7),
('FRA172','AZE17','2017-05-12',6),
('FRA172','ITA17','2017-05-12',5),
('FRA172','CYP17','2017-05-12',4),
('DEU171','DNK17','2017-05-12',12),
('DEU171','FRA17','2017-05-12',10),
('DEU171','ITA17','2017-05-12',8),
('DEU171','AUS17','2017-05-12',7),
('DEU171','BEL17','2017-05-12',6),
('DEU171','CYP17','2017-05-12',5),
('DEU171','AZE17','2017-05-12',4),
('DEU172','ITA17','2017-05-12',12),
('DEU172','CYP17','2017-05-12',10),
('DEU172','FRA17','2017-05-12',8),
('DEU172','BEL17','2017-05-12',7),
('DEU172','AUS17','2017-05-12',6),
('DEU172','AZE17','2017-05-12',5),
('DEU172','DNK17','2017-05-12',4),
('ITA171','AUS17','2017-05-12',12),
('ITA171','FRA17','2017-05-12',10),
('ITA171','CYP17','2017-05-12',8),
('ITA171','DNK17','2017-05-12',7),
('ITA171','DEU17','2017-05-12',6),
('ITA171','AZE17','2017-05-12',5),
('ITA171','BEL17','2017-05-12',4),
('ITA172','CYP17','2017-05-12',12),
('ITA172','AUS17','2017-05-12',10),
('ITA172','BEL17','2017-05-12',8),
('ITA172','AZE17','2017-05-12',7),
('ITA172','DEU17','2017-05-12',6),
('ITA172','FRA17','2017-05-12',5),
('ITA172','DNK17','2017-05-12',4),
('AUS181','DEU18','2018-05-12',12),
('AUS181','NDL18','2018-05-12',10),
('AUS181','CYP18','2018-05-12',8),
('AUS181','DNK18','2018-05-12',7),
('AUS181','FRA18','2018-05-12',6),
('AUS181','AZE18','2018-05-12',5),
('AUS181','BEL18','2018-05-12',4),
('AUS182','DNK18','2018-05-12',12),
('AUS182','DEU18','2018-05-12',10),
('AUS182','BEL18','2018-05-12',8),
('AUS182','FRA18','2018-05-12',7),
('AUS182','NDL18','2018-05-12',6),
('AUS182','AZE18','2018-05-12',5),
('AUS182','CYP18','2018-05-12',4),
('AZE181','NDL18','2018-05-12',12),
('AZE181','DEU18','2018-05-12',10),
('AZE181','CYP18','2018-05-12',8),
('AZE181','BEL18','2018-05-12',7),
('AZE181','AUS18','2018-05-12',6),
('AZE181','FRA18','2018-05-12',5),
('AZE181','DNK18','2018-05-12',4),
('AZE182','FRA18','2018-05-12',12),
('AZE182','DNK18','2018-05-12',10),
('AZE182','AUS18','2018-05-12',8),
('AZE182','NDL18','2018-05-12',7),
('AZE182','BEL18','2018-05-12',6),
('AZE182','CYP18','2018-05-12',5),
('AZE182','DEU18','2018-05-12',4),
('BEL181','DNK18','2018-05-12',12),
('BEL181','CYP18','2018-05-12',10),
('BEL181','DEU18','2018-05-12',8),
('BEL181','AZE18','2018-05-12',7),
('BEL181','NDL18','2018-05-12',6),
('BEL181','FRA18','2018-05-12',5),
('BEL181','AUS18','2018-05-12',4),
('BEL182','CYP18','2018-05-12',12),
('BEL182','AZE18','2018-05-12',10),
('BEL182','FRA18','2018-05-12',8),
('BEL182','DEU18','2018-05-12',7),
('BEL182','DNK18','2018-05-12',6),
('BEL182','AUS18','2018-05-12',5),
('BEL182','NDL18','2018-05-12',4),
('CYP181','FRA18','2018-05-12',12),
('CYP181','AUS18','2018-05-12',10),
('CYP181','AZE18','2018-05-12',8),
('CYP181','DEU18','2018-05-12',7),
('CYP181','DNK18','2018-05-12',6),
('CYP181','BEL18','2018-05-12',5),
('CYP181','NDL18','2018-05-12',4),
('CYP182','DNK18','2018-05-12',12),
('CYP182','AUS18','2018-05-12',10),
('CYP182','BEL18','2018-05-12',8),
('CYP182','NDL18','2018-05-12',7),
('CYP182','AZE18','2018-05-12',6),
('CYP182','DEU18','2018-05-12',5),
('CYP182','FRA18','2018-05-12',4),
('DNK181','NDL18','2018-05-12',12),
('DNK181','FRA18','2018-05-12',10),
('DNK181','AZE18','2018-05-12',8),
('DNK181','DEU18','2018-05-12',7),
('DNK181','AUS18','2018-05-12',6),
('DNK181','CYP18','2018-05-12',5),
('DNK181','BEL18','2018-05-12',4),
('DNK182','AZE18','2018-05-12',12),
('DNK182','FRA18','2018-05-12',10),
('DNK182','DEU18','2018-05-12',8),
('DNK182','CYP18','2018-05-12',7),
('DNK182','AUS18','2018-05-12',6),
('DNK182','NDL18','2018-05-12',5),
('DNK182','BEL18','2018-05-12',4),
('FRA181','DEU18','2018-05-12',12),
('FRA181','AZE18','2018-05-12',10),
('FRA181','NDL18','2018-05-12',8),
('FRA181','AUS18','2018-05-12',7),
('FRA181','DNK18','2018-05-12',6),
('FRA181','BEL18','2018-05-12',5),
('FRA181','CYP18','2018-05-12',4),
('FRA182','AUS18','2018-05-12',12),
('FRA182','DNK18','2018-05-12',10),
('FRA182','DEU18','2018-05-12',8),
('FRA182','BEL18','2018-05-12',7),
('FRA182','AZE18','2018-05-12',6),
('FRA182','NDL18','2018-05-12',5),
('FRA182','CYP18','2018-05-12',4),
('DEU181','DNK18','2018-05-12',12),
('DEU181','FRA18','2018-05-12',10),
('DEU181','NDL18','2018-05-12',8),
('DEU181','AUS18','2018-05-12',7),
('DEU181','BEL18','2018-05-12',6),
('DEU181','CYP18','2018-05-12',5),
('DEU181','AZE18','2018-05-12',4),
('DEU182','NDL18','2018-05-12',12),
('DEU182','CYP18','2018-05-12',10),
('DEU182','FRA18','2018-05-12',8),
('DEU182','BEL18','2018-05-12',7),
('DEU182','AUS18','2018-05-12',6),
('DEU182','AZE18','2018-05-12',5),
('DEU182','DNK18','2018-05-12',4),
('NDL181','AUS18','2018-05-12',12),
('NDL181','FRA18','2018-05-12',10),
('NDL181','CYP18','2018-05-12',8),
('NDL181','DNK18','2018-05-12',7),
('NDL181','DEU18','2018-05-12',6),
('NDL181','AZE18','2018-05-12',5),
('NDL181','BEL18','2018-05-12',4),
('NDL182','CYP18','2018-05-12',12),
('NDL182','AUS18','2018-05-12',10),
('NDL182','BEL18','2018-05-12',8),
('NDL182','AZE18','2018-05-12',7),
('NDL182','DEU18','2018-05-12',6),
('NDL182','FRA18','2018-05-12',5),
('NDL182','DNK18','2018-05-12',4),
('AUS191','DEU19','2019-05-12',12),
('AUS191','ITA19','2019-05-12',10),
('AUS191','CYP19','2019-05-12',8),
('AUS191','DNK19','2019-05-12',7),
('AUS191','FRA19','2019-05-12',6),
('AUS191','AZE19','2019-05-12',5),
('AUS191','BEL19','2019-05-12',4),
('AUS192','DNK19','2019-05-12',12),
('AUS192','DEU19','2019-05-12',10),
('AUS192','BEL19','2019-05-12',8),
('AUS192','FRA19','2019-05-12',7),
('AUS192','ITA19','2019-05-12',6),
('AUS192','AZE19','2019-05-12',5),
('AUS192','CYP19','2019-05-12',4),
('AZE191','ITA19','2019-05-12',12),
('AZE191','DEU19','2019-05-12',10),
('AZE191','CYP19','2019-05-12',8),
('AZE191','BEL19','2019-05-12',7),
('AZE191','AUS19','2019-05-12',6),
('AZE191','FRA19','2019-05-12',5),
('AZE191','DNK19','2019-05-12',4),
('AZE192','FRA19','2019-05-12',12),
('AZE192','DNK19','2019-05-12',10),
('AZE192','AUS19','2019-05-12',8),
('AZE192','ITA19','2019-05-12',7),
('AZE192','BEL19','2019-05-12',6),
('AZE192','CYP19','2019-05-12',5),
('AZE192','DEU19','2019-05-12',4),
('BEL191','DNK19','2019-05-12',12),
('BEL191','CYP19','2019-05-12',10),
('BEL191','DEU19','2019-05-12',8),
('BEL191','AZE19','2019-05-12',7),
('BEL191','ITA19','2019-05-12',6),
('BEL191','FRA19','2019-05-12',5),
('BEL191','AUS19','2019-05-12',4),
('BEL192','CYP19','2019-05-12',12),
('BEL192','AZE19','2019-05-12',10),
('BEL192','FRA19','2019-05-12',8),
('BEL192','DEU19','2019-05-12',7),
('BEL192','DNK19','2019-05-12',6),
('BEL192','AUS19','2019-05-12',5),
('BEL192','ITA19','2019-05-12',4),
('CYP191','FRA19','2019-05-12',12),
('CYP191','AUS19','2019-05-12',10),
('CYP191','AZE19','2019-05-12',8),
('CYP191','DEU19','2019-05-12',7),
('CYP191','DNK19','2019-05-12',6),
('CYP191','BEL19','2019-05-12',5),
('CYP191','ITA19','2019-05-12',4),
('CYP192','DNK19','2019-05-12',12),
('CYP192','AUS19','2019-05-12',10),
('CYP192','BEL19','2019-05-12',8),
('CYP192','ITA19','2019-05-12',7),
('CYP192','AZE19','2019-05-12',6),
('CYP192','DEU19','2019-05-12',5),
('CYP192','FRA19','2019-05-12',4),
('DNK191','ITA19','2019-05-12',12),
('DNK191','FRA19','2019-05-12',10),
('DNK191','AZE19','2019-05-12',8),
('DNK191','DEU19','2019-05-12',7),
('DNK191','AUS19','2019-05-12',6),
('DNK191','CYP19','2019-05-12',5),
('DNK191','BEL19','2019-05-12',4),
('DNK192','AZE19','2019-05-12',12),
('DNK192','FRA19','2019-05-12',10),
('DNK192','DEU19','2019-05-12',8),
('DNK192','CYP19','2019-05-12',7),
('DNK192','AUS19','2019-05-12',6),
('DNK192','ITA19','2019-05-12',5),
('DNK192','BEL19','2019-05-12',4),
('FRA191','DEU19','2019-05-12',12),
('FRA191','AZE19','2019-05-12',10),
('FRA191','ITA19','2019-05-12',8),
('FRA191','AUS19','2019-05-12',7),
('FRA191','DNK19','2019-05-12',6),
('FRA191','BEL19','2019-05-12',5),
('FRA191','CYP19','2019-05-12',4),
('FRA192','AUS19','2019-05-12',12),
('FRA192','DNK19','2019-05-12',10),
('FRA192','DEU19','2019-05-12',8),
('FRA192','BEL19','2019-05-12',7),
('FRA192','AZE19','2019-05-12',6),
('FRA192','ITA19','2019-05-12',5),
('FRA192','CYP19','2019-05-12',4),
('DEU191','DNK19','2019-05-12',12),
('DEU191','FRA19','2019-05-12',10),
('DEU191','ITA19','2019-05-12',8),
('DEU191','AUS19','2019-05-12',7),
('DEU191','BEL19','2019-05-12',6),
('DEU191','CYP19','2019-05-12',5),
('DEU191','AZE19','2019-05-12',4),
('DEU192','ITA19','2019-05-12',12),
('DEU192','CYP19','2019-05-12',10),
('DEU192','FRA19','2019-05-12',8),
('DEU192','BEL19','2019-05-12',7),
('DEU192','AUS19','2019-05-12',6),
('DEU192','AZE19','2019-05-12',5),
('DEU192','DNK19','2019-05-12',4),
('ITA191','AUS19','2019-05-12',12),
('ITA191','FRA19','2019-05-12',10),
('ITA191','CYP19','2019-05-12',8),
('ITA191','DNK19','2019-05-12',7),
('ITA191','DEU19','2019-05-12',6),
('ITA191','AZE19','2019-05-12',5),
('ITA191','BEL19','2019-05-12',4),
('ITA192','CYP19','2019-05-12',12),
('ITA192','AUS19','2019-05-12',10),
('ITA192','BEL19','2019-05-12',8),
('ITA192','AZE19','2019-05-12',7),
('ITA192','DEU19','2019-05-12',6),
('ITA192','FRA19','2019-05-12',5),
('ITA192','DNK19','2019-05-12',4),
('NDL171','RUS17','2017-05-14',12),
('NDL171','NOR17','2017-05-14',10),
('NDL171','SMR17','2017-05-14',8),
('NDL171','SWE17','2017-05-14',7),
('NDL171','PRT17','2017-05-14',6),
('NDL171','UKR17','2017-05-14',5),
('NDL171','GBR17','2017-05-14',4),
('NDL172','PRT17','2017-05-14',12),
('NDL172','RUS17','2017-05-14',10),
('NDL172','SMR17','2017-05-14',8),
('NDL172','SWE17','2017-05-14',7),
('NDL172','UKR17','2017-05-14',6),
('NDL172','GBR17','2017-05-14',5),
('NDL172','NOR17','2017-05-14',4),
('NOR171','UKR17','2017-05-14',12),
('NOR171','SMR17','2017-05-14',10),
('NOR171','GBR17','2017-05-14',8),
('NOR171','PRT17','2017-05-14',7),
('NOR171','NDL17','2017-05-14',6),
('NOR171','RUS17','2017-05-14',5),
('NOR171','SWE17','2017-05-14',4),
('NOR172','UKR17','2017-05-14',12),
('NOR172','SMR17','2017-05-14',10),
('NOR172','NDL17','2017-05-14',8),
('NOR172','SWE17','2017-05-14',7),
('NOR172','RUS17','2017-05-14',6),
('NOR172','PRT17','2017-05-14',5),
('NOR172','GBR17','2017-05-14',4),
('PRT171','NOR17','2017-05-14',12),
('PRT171','UKR17','2017-05-14',10),
('PRT171','SMR17','2017-05-14',8),
('PRT171','SWE17','2017-05-14',7),
('PRT171','NDL17','2017-05-14',6),
('PRT171','RUS17','2017-05-14',5),
('PRT171','GBR17','2017-05-14',4),
('PRT172','SWE17','2017-05-14',12),
('PRT172','NDL17','2017-05-14',10),
('PRT172','UKR17','2017-05-14',8),
('PRT172','GBR17','2017-05-14',7),
('PRT172','NOR17','2017-05-14',6),
('PRT172','SMR17','2017-05-14',5),
('PRT172','RUS17','2017-05-14',4),
('RUS171','SWE17','2017-05-14',12),
('RUS171','PRT17','2017-05-14',10),
('RUS171','GBR17','2017-05-14',8),
('RUS171','SMR17','2017-05-14',7),
('RUS171','NDL17','2017-05-14',6),
('RUS171','UKR17','2017-05-14',5),
('RUS171','NOR17','2017-05-14',4),
('RUS172','PRT17','2017-05-14',12),
('RUS172','UKR17','2017-05-14',10),
('RUS172','GBR17','2017-05-14',8),
('RUS172','NDL17','2017-05-14',7),
('RUS172','SWE17','2017-05-14',6),
('RUS172','NOR17','2017-05-14',5),
('RUS172','SMR17','2017-05-14',4),
('SMR171','PRT17','2017-05-14',12),
('SMR171','UKR17','2017-05-14',10),
('SMR171','NDL17','2017-05-14',8),
('SMR171','SWE17','2017-05-14',7),
('SMR171','NOR17','2017-05-14',6),
('SMR171','GBR17','2017-05-14',5),
('SMR171','RUS17','2017-05-14',4),
('SMR172','RUS17','2017-05-14',12),
('SMR172','GBR17','2017-05-14',10),
('SMR172','UKR17','2017-05-14',8),
('SMR172','PRT17','2017-05-14',7),
('SMR172','SWE17','2017-05-14',6),
('SMR172','NDL17','2017-05-14',5),
('SMR172','NOR17','2017-05-14',4),
('SWE171','UKR17','2017-05-14',12),
('SWE171','RUS17','2017-05-14',10),
('SWE171','PRT17','2017-05-14',8),
('SWE171','SMR17','2017-05-14',7),
('SWE171','NDL17','2017-05-14',6),
('SWE171','GBR17','2017-05-14',5),
('SWE171','NOR17','2017-05-14',4),
('SWE172','SMR17','2017-05-14',12),
('SWE172','PRT17','2017-05-14',10),
('SWE172','GBR17','2017-05-14',8),
('SWE172','RUS17','2017-05-14',7),
('SWE172','NOR17','2017-05-14',6),
('SWE172','UKR17','2017-05-14',5),
('SWE172','NDL17','2017-05-14',4),
('GBR171','PRT17','2017-05-14',12),
('GBR171','SMR17','2017-05-14',10),
('GBR171','SWE17','2017-05-14',8),
('GBR171','UKR17','2017-05-14',7),
('GBR171','RUS17','2017-05-14',6),
('GBR171','NDL17','2017-05-14',5),
('GBR171','NOR17','2017-05-14',4),
('GBR172','RUS17','2017-05-14',12),
('GBR172','PRT17','2017-05-14',10),
('GBR172','UKR17','2017-05-14',8),
('GBR172','SWE17','2017-05-14',7),
('GBR172','SMR17','2017-05-14',6),
('GBR172','NOR17','2017-05-14',5),
('GBR172','NDL17','2017-05-14',4),
('UKR171','GBR17','2017-05-14',12),
('UKR171','RUS17','2017-05-14',10),
('UKR171','NDL17','2017-05-14',8),
('UKR171','NOR17','2017-05-14',7),
('UKR171','PRT17','2017-05-14',6),
('UKR171','SMR17','2017-05-14',5),
('UKR171','SWE17','2017-05-14',4),
('UKR172','NDL17','2017-05-14',12),
('UKR172','SWE17','2017-05-14',10),
('UKR172','PRT17','2017-05-14',8),
('UKR172','NOR17','2017-05-14',7),
('UKR172','GBR17','2017-05-14',6),
('UKR172','RUS17','2017-05-14',5),
('UKR172','SMR17','2017-05-14',4),
('ITA181','RUS18','2018-05-14',12),
('ITA181','NOR18','2018-05-14',10),
('ITA181','SMR18','2018-05-14',8),
('ITA181','SWE18','2018-05-14',7),
('ITA181','PRT18','2018-05-14',6),
('ITA181','UKR18','2018-05-14',5),
('ITA181','GBR18','2018-05-14',4),
('ITA182','PRT18','2018-05-14',12),
('ITA182','RUS18','2018-05-14',10),
('ITA182','SMR18','2018-05-14',8),
('ITA182','SWE18','2018-05-14',7),
('ITA182','UKR18','2018-05-14',6),
('ITA182','GBR18','2018-05-14',5),
('ITA182','NOR18','2018-05-14',4),
('NOR181','UKR18','2018-05-14',12),
('NOR181','SMR18','2018-05-14',10),
('NOR181','GBR18','2018-05-14',8),
('NOR181','PRT18','2018-05-14',7),
('NOR181','ITA18','2018-05-14',6),
('NOR181','RUS18','2018-05-14',5),
('NOR181','SWE18','2018-05-14',4),
('NOR182','UKR18','2018-05-14',12),
('NOR182','SMR18','2018-05-14',10),
('NOR182','ITA18','2018-05-14',8),
('NOR182','SWE18','2018-05-14',7),
('NOR182','RUS18','2018-05-14',6),
('NOR182','PRT18','2018-05-14',5),
('NOR182','GBR18','2018-05-14',4),
('PRT181','NOR18','2018-05-14',12),
('PRT181','UKR18','2018-05-14',10),
('PRT181','SMR18','2018-05-14',8),
('PRT181','SWE18','2018-05-14',7),
('PRT181','ITA18','2018-05-14',6),
('PRT181','RUS18','2018-05-14',5),
('PRT181','GBR18','2018-05-14',4),
('PRT182','SWE18','2018-05-14',12),
('PRT182','ITA18','2018-05-14',10),
('PRT182','UKR18','2018-05-14',8),
('PRT182','GBR18','2018-05-14',7),
('PRT182','NOR18','2018-05-14',6),
('PRT182','SMR18','2018-05-14',5),
('PRT182','RUS18','2018-05-14',4),
('RUS181','SWE18','2018-05-14',12),
('RUS181','PRT18','2018-05-14',10),
('RUS181','GBR18','2018-05-14',8),
('RUS181','SMR18','2018-05-14',7),
('RUS181','ITA18','2018-05-14',6),
('RUS181','UKR18','2018-05-14',5),
('RUS181','NOR18','2018-05-14',4),
('RUS182','PRT18','2018-05-14',12),
('RUS182','UKR18','2018-05-14',10),
('RUS182','GBR18','2018-05-14',8),
('RUS182','ITA18','2018-05-14',7),
('RUS182','SWE18','2018-05-14',6),
('RUS182','NOR18','2018-05-14',5),
('RUS182','SMR18','2018-05-14',4),
('SMR181','PRT18','2018-05-14',12),
('SMR181','UKR18','2018-05-14',10),
('SMR181','ITA18','2018-05-14',8),
('SMR181','SWE18','2018-05-14',7),
('SMR181','NOR18','2018-05-14',6),
('SMR181','GBR18','2018-05-14',5),
('SMR181','RUS18','2018-05-14',4),
('SMR182','RUS18','2018-05-14',12),
('SMR182','GBR18','2018-05-14',10),
('SMR182','UKR18','2018-05-14',8),
('SMR182','PRT18','2018-05-14',7),
('SMR182','SWE18','2018-05-14',6),
('SMR182','ITA18','2018-05-14',5),
('SMR182','NOR18','2018-05-14',4),
('SWE181','UKR18','2018-05-14',12),
('SWE181','RUS18','2018-05-14',10),
('SWE181','PRT18','2018-05-14',8),
('SWE181','SMR18','2018-05-14',7),
('SWE181','ITA18','2018-05-14',6),
('SWE181','GBR18','2018-05-14',5),
('SWE181','NOR18','2018-05-14',4),
('SWE182','SMR18','2018-05-14',12),
('SWE182','PRT18','2018-05-14',10),
('SWE182','GBR18','2018-05-14',8),
('SWE182','RUS18','2018-05-14',7),
('SWE182','NOR18','2018-05-14',6),
('SWE182','UKR18','2018-05-14',5),
('SWE182','ITA18','2018-05-14',4),
('GBR181','PRT18','2018-05-14',12),
('GBR181','SMR18','2018-05-14',10),
('GBR181','SWE18','2018-05-14',8),
('GBR181','UKR18','2018-05-14',7),
('GBR181','RUS18','2018-05-14',6),
('GBR181','ITA18','2018-05-14',5),
('GBR181','NOR18','2018-05-14',4),
('GBR182','RUS18','2018-05-14',12),
('GBR182','PRT18','2018-05-14',10),
('GBR182','UKR18','2018-05-14',8),
('GBR182','SWE18','2018-05-14',7),
('GBR182','SMR18','2018-05-14',6),
('GBR182','NOR18','2018-05-14',5),
('GBR182','ITA18','2018-05-14',4),
('UKR181','GBR18','2018-05-14',12),
('UKR181','RUS18','2018-05-14',10),
('UKR181','ITA18','2018-05-14',8),
('UKR181','NOR18','2018-05-14',7),
('UKR181','PRT18','2018-05-14',6),
('UKR181','SMR18','2018-05-14',5),
('UKR181','SWE18','2018-05-14',4),
('UKR182','ITA18','2018-05-14',12),
('UKR182','SWE18','2018-05-14',10),
('UKR182','PRT18','2018-05-14',8),
('UKR182','NOR18','2018-05-14',7),
('UKR182','GBR18','2018-05-14',6),
('UKR182','RUS18','2018-05-14',5),
('UKR182','SMR18','2018-05-14',4),
('NOR191','RUS19','2019-05-14',12),
('NOR191','NDL19','2019-05-14',10),
('NOR191','SMR19','2019-05-14',8),
('NOR191','SWE19','2019-05-14',7),
('NOR191','PRT19','2019-05-14',6),
('NOR191','UKR19','2019-05-14',5),
('NOR191','GBR19','2019-05-14',4),
('NOR192','PRT19','2019-05-14',12),
('NOR192','RUS19','2019-05-14',10),
('NOR192','SMR19','2019-05-14',8),
('NOR192','SWE19','2019-05-14',7),
('NOR192','UKR19','2019-05-14',6),
('NOR192','GBR19','2019-05-14',5),
('NOR192','NDL19','2019-05-14',4),
('NDL191','UKR19','2019-05-14',12),
('NDL191','SMR19','2019-05-14',10),
('NDL191','GBR19','2019-05-14',8),
('NDL191','PRT19','2019-05-14',7),
('NDL191','NOR19','2019-05-14',6),
('NDL191','RUS19','2019-05-14',5),
('NDL191','SWE19','2019-05-14',4),
('NDL192','UKR19','2019-05-14',12),
('NDL192','SMR19','2019-05-14',10),
('NDL192','NOR19','2019-05-14',8),
('NDL192','SWE19','2019-05-14',7),
('NDL192','RUS19','2019-05-14',6),
('NDL192','PRT19','2019-05-14',5),
('NDL192','GBR19','2019-05-14',4),
('PRT191','NDL19','2019-05-14',12),
('PRT191','UKR19','2019-05-14',10),
('PRT191','SMR19','2019-05-14',8),
('PRT191','SWE19','2019-05-14',7),
('PRT191','NOR19','2019-05-14',6),
('PRT191','RUS19','2019-05-14',5),
('PRT191','GBR19','2019-05-14',4),
('PRT192','SWE19','2019-05-14',12),
('PRT192','NOR19','2019-05-14',10),
('PRT192','UKR19','2019-05-14',8),
('PRT192','GBR19','2019-05-14',7),
('PRT192','NDL19','2019-05-14',6),
('PRT192','SMR19','2019-05-14',5),
('PRT192','RUS19','2019-05-14',4),
('RUS191','SWE19','2019-05-14',12),
('RUS191','PRT19','2019-05-14',10),
('RUS191','GBR19','2019-05-14',8),
('RUS191','SMR19','2019-05-14',7),
('RUS191','NOR19','2019-05-14',6),
('RUS191','UKR19','2019-05-14',5),
('RUS191','NDL19','2019-05-14',4),
('RUS192','PRT19','2019-05-14',12),
('RUS192','UKR19','2019-05-14',10),
('RUS192','GBR19','2019-05-14',8),
('RUS192','NOR19','2019-05-14',7),
('RUS192','SWE19','2019-05-14',6),
('RUS192','NDL19','2019-05-14',5),
('RUS192','SMR19','2019-05-14',4),
('SMR191','PRT19','2019-05-14',12),
('SMR191','UKR19','2019-05-14',10),
('SMR191','NOR19','2019-05-14',8),
('SMR191','SWE19','2019-05-14',7),
('SMR191','NDL19','2019-05-14',6),
('SMR191','GBR19','2019-05-14',5),
('SMR191','RUS19','2019-05-14',4),
('SMR192','RUS19','2019-05-14',12),
('SMR192','GBR19','2019-05-14',10),
('SMR192','UKR19','2019-05-14',8),
('SMR192','PRT19','2019-05-14',7),
('SMR192','SWE19','2019-05-14',6),
('SMR192','NOR19','2019-05-14',5),
('SMR192','NDL19','2019-05-14',4),
('SWE191','UKR19','2019-05-14',12),
('SWE191','RUS19','2019-05-14',10),
('SWE191','PRT19','2019-05-14',8),
('SWE191','SMR19','2019-05-14',7),
('SWE191','NOR19','2019-05-14',6),
('SWE191','GBR19','2019-05-14',5),
('SWE191','NDL19','2019-05-14',4),
('SWE192','SMR19','2019-05-14',12),
('SWE192','PRT19','2019-05-14',10),
('SWE192','GBR19','2019-05-14',8),
('SWE192','RUS19','2019-05-14',7),
('SWE192','NDL19','2019-05-14',6),
('SWE192','UKR19','2019-05-14',5),
('SWE192','NOR19','2019-05-14',4),
('GBR191','PRT19','2019-05-14',12),
('GBR191','SMR19','2019-05-14',10),
('GBR191','SWE19','2019-05-14',8),
('GBR191','UKR19','2019-05-14',7),
('GBR191','RUS19','2019-05-14',6),
('GBR191','NOR19','2019-05-14',5),
('GBR191','NDL19','2019-05-14',4),
('GBR192','RUS19','2019-05-14',12),
('GBR192','PRT19','2019-05-14',10),
('GBR192','UKR19','2019-05-14',8),
('GBR192','SWE19','2019-05-14',7),
('GBR192','SMR19','2019-05-14',6),
('GBR192','NDL19','2019-05-14',5),
('GBR192','NOR19','2019-05-14',4),
('UKR191','GBR19','2019-05-14',12),
('UKR191','RUS19','2019-05-14',10),
('UKR191','NOR19','2019-05-14',8),
('UKR191','NDL19','2019-05-14',7),
('UKR191','PRT19','2019-05-14',6),
('UKR191','SMR19','2019-05-14',5),
('UKR191','SWE19','2019-05-14',4),
('UKR192','NOR19','2019-05-14',12),
('UKR192','SWE19','2019-05-14',10),
('UKR192','PRT19','2019-05-14',8),
('UKR192','NDL19','2019-05-14',7),
('UKR192','GBR19','2019-05-14',6),
('UKR192','RUS19','2019-05-14',5),
('UKR192','SMR19','2019-05-14',4),
('AUS171','BEL17','2017-05-16',12),
('AUS171','FRA17','2017-05-16',10),
('AUS171','PRT17','2017-05-16',8),
('AUS171','SWE17','2017-05-16',7),
('AUS171','AZE17','2017-05-16',6),
('AUS171','ITA17','2017-05-16',5),
('AUS171','DNK17','2017-05-16',4),
('AUS171','GBR17','2017-05-16',3),
('AUS171','DEU17','2017-05-16',2),
('AUS171','CYP17','2017-05-16',1),
('AUS172','BEL17','2017-05-16',12),
('AUS172','UKR17','2017-05-16',10),
('AUS172','PRT17','2017-05-16',8),
('AUS172','SWE17','2017-05-16',7),
('AUS172','SMR17','2017-05-16',6),
('AUS172','AUS17','2017-05-16',5),
('AUS172','RUS17','2017-05-16',4),
('AUS172','ITA17','2017-05-16',3),
('AUS172','FRA17','2017-05-16',2),
('AUS172','AZE17','2017-05-16',1),
('AZE171','BEL17','2017-05-16',12),
('AZE171','CYP17','2017-05-16',10),
('AZE171','RUS17','2017-05-16',8),
('AZE171','NDL17','2017-05-16',7),
('AZE171','UKR17','2017-05-16',6),
('AZE171','SMR17','2017-05-16',5),
('AZE171','FRA17','2017-05-16',4),
('AZE171','SWE17','2017-05-16',3),
('AZE171','ITA17','2017-05-16',2),
('AZE171','GBR17','2017-05-16',1),
('AZE172','SWE17','2017-05-16',12),
('AZE172','AZE17','2017-05-16',10),
('AZE172','CYP17','2017-05-16',8),
('AZE172','SMR17','2017-05-16',7),
('AZE172','FRA17','2017-05-16',6),
('AZE172','DEU17','2017-05-16',5),
('AZE172','PRT17','2017-05-16',4),
('AZE172','ITA17','2017-05-16',3),
('AZE172','RUS17','2017-05-16',2),
('AZE172','NOR17','2017-05-16',1),
('BEL171','DNK17','2017-05-16',12),
('BEL171','SWE17','2017-05-16',10),
('BEL171','DEU17','2017-05-16',8),
('BEL171','NOR17','2017-05-16',7),
('BEL171','PRT17','2017-05-16',6),
('BEL171','ITA17','2017-05-16',5),
('BEL171','RUS17','2017-05-16',4),
('BEL171','CYP17','2017-05-16',3),
('BEL171','AUS17','2017-05-16',2),
('BEL171','BEL17','2017-05-16',1),
('BEL172','NOR17','2017-05-16',12),
('BEL172','BEL17','2017-05-16',10),
('BEL172','SMR17','2017-05-16',8),
('BEL172','AZE17','2017-05-16',7),
('BEL172','PRT17','2017-05-16',6),
('BEL172','RUS17','2017-05-16',5),
('BEL172','NDL17','2017-05-16',4),
('BEL172','AUS17','2017-05-16',3),
('BEL172','DNK17','2017-05-16',2),
('BEL172','UKR17','2017-05-16',1),
('CYP171','BEL17','2017-05-16',12),
('CYP171','AUS17','2017-05-16',10),
('CYP171','RUS17','2017-05-16',8),
('CYP171','AZE17','2017-05-16',7),
('CYP171','CYP17','2017-05-16',6),
('CYP171','SWE17','2017-05-16',5),
('CYP171','DNK17','2017-05-16',4),
('CYP171','FRA17','2017-05-16',3),
('CYP171','NDL17','2017-05-16',2),
('CYP171','DEU17','2017-05-16',1),
('CYP172','BEL17','2017-05-16',12),
('CYP172','CYP17','2017-05-16',10),
('CYP172','SMR17','2017-05-16',8),
('CYP172','SWE17','2017-05-16',7),
('CYP172','UKR17','2017-05-16',6),
('CYP172','PRT17','2017-05-16',5),
('CYP172','RUS17','2017-05-16',4),
('CYP172','NDL17','2017-05-16',3),
('CYP172','AZE17','2017-05-16',2),
('CYP172','GBR17','2017-05-16',1),
('DNK171','CYP17','2017-05-16',12),
('DNK171','GBR17','2017-05-16',10),
('DNK171','RUS17','2017-05-16',8),
('DNK171','DEU17','2017-05-16',7),
('DNK171','BEL17','2017-05-16',6),
('DNK171','SWE17','2017-05-16',5),
('DNK171','UKR17','2017-05-16',4),
('DNK171','PRT17','2017-05-16',3),
('DNK171','DNK17','2017-05-16',2),
('DNK171','NOR17','2017-05-16',1),
('DNK172','DEU17','2017-05-16',12),
('DNK172','BEL17','2017-05-16',10),
('DNK172','DNK17','2017-05-16',8),
('DNK172','SMR17','2017-05-16',7),
('DNK172','NDL17','2017-05-16',6),
('DNK172','RUS17','2017-05-16',5),
('DNK172','SWE17','2017-05-16',4),
('DNK172','AUS17','2017-05-16',3),
('DNK172','ITA17','2017-05-16',2),
('DNK172','PRT17','2017-05-16',1),
('FRA171','DEU17','2017-05-16',12),
('FRA171','BEL17','2017-05-16',10),
('FRA171','RUS17','2017-05-16',8),
('FRA171','ITA17','2017-05-16',7),
('FRA171','FRA17','2017-05-16',6),
('FRA171','AUS17','2017-05-16',5),
('FRA171','AZE17','2017-05-16',4),
('FRA171','NOR17','2017-05-16',3),
('FRA171','NDL17','2017-05-16',2),
('FRA171','GBR17','2017-05-16',1),
('FRA172','SMR17','2017-05-16',12),
('FRA172','NOR17','2017-05-16',10),
('FRA172','ITA17','2017-05-16',8),
('FRA172','AZE17','2017-05-16',7),
('FRA172','CYP17','2017-05-16',6),
('FRA172','DNK17','2017-05-16',5),
('FRA172','BEL17','2017-05-16',4),
('FRA172','DEU17','2017-05-16',3),
('FRA172','UKR17','2017-05-16',2),
('FRA172','SWE17','2017-05-16',1),
('DEU171','PRT17','2017-05-16',12),
('DEU171','UKR17','2017-05-16',10),
('DEU171','BEL17','2017-05-16',8),
('DEU171','SWE17','2017-05-16',7),
('DEU171','RUS17','2017-05-16',6),
('DEU171','DEU17','2017-05-16',5),
('DEU171','GBR17','2017-05-16',4),
('DEU171','AZE17','2017-05-16',3),
('DEU171','CYP17','2017-05-16',2),
('DEU171','AUS17','2017-05-16',1),
('DEU172','NOR17','2017-05-16',12),
('DEU172','SWE17','2017-05-16',10),
('DEU172','DEU17','2017-05-16',8),
('DEU172','AUS17','2017-05-16',7),
('DEU172','GBR17','2017-05-16',6),
('DEU172','CYP17','2017-05-16',5),
('DEU172','AZE17','2017-05-16',4),
('DEU172','RUS17','2017-05-16',3),
('DEU172','NDL17','2017-05-16',2),
('DEU172','PRT17','2017-05-16',1),
('ITA171','FRA17','2017-05-16',12),
('ITA171','BEL17','2017-05-16',10),
('ITA171','RUS17','2017-05-16',8),
('ITA171','AZE17','2017-05-16',7),
('ITA171','GBR17','2017-05-16',6),
('ITA171','SMR17','2017-05-16',5),
('ITA171','DNK17','2017-05-16',4),
('ITA171','NDL17','2017-05-16',3),
('ITA171','DEU17','2017-05-16',2),
('ITA171','SWE17','2017-05-16',1),
('ITA172','AUS17','2017-05-16',12),
('ITA172','AZE17','2017-05-16',10),
('ITA172','UKR17','2017-05-16',8),
('ITA172','GBR17','2017-05-16',7),
('ITA172','SMR17','2017-05-16',6),
('ITA172','BEL17','2017-05-16',5),
('ITA172','DEU17','2017-05-16',4),
('ITA172','SWE17','2017-05-16',3),
('ITA172','NOR17','2017-05-16',2),
('ITA172','RUS17','2017-05-16',1),
('NDL171','BEL17','2017-05-16',12),
('NDL171','PRT17','2017-05-16',10),
('NDL171','AZE17','2017-05-16',8),
('NDL171','SWE17','2017-05-16',7),
('NDL171','RUS17','2017-05-16',6),
('NDL171','CYP17','2017-05-16',5),
('NDL171','GBR17','2017-05-16',4),
('NDL171','SMR17','2017-05-16',3),
('NDL171','FRA17','2017-05-16',2),
('NDL171','DEU17','2017-05-16',1),
('NDL172','GBR17','2017-05-16',12),
('NDL172','SWE17','2017-05-16',10),
('NDL172','PRT17','2017-05-16',8),
('NDL172','UKR17','2017-05-16',7),
('NDL172','BEL17','2017-05-16',6),
('NDL172','NOR17','2017-05-16',5),
('NDL172','AUS17','2017-05-16',4),
('NDL172','ITA17','2017-05-16',3),
('NDL172','SMR17','2017-05-16',2),
('NDL172','RUS17','2017-05-16',1),
('NOR171','BEL17','2017-05-16',12),
('NOR171','PRT17','2017-05-16',10),
('NOR171','ITA17','2017-05-16',8),
('NOR171','GBR17','2017-05-16',7),
('NOR171','NDL17','2017-05-16',6),
('NOR171','SMR17','2017-05-16',5),
('NOR171','CYP17','2017-05-16',4),
('NOR171','DEU17','2017-05-16',3),
('NOR171','UKR17','2017-05-16',2),
('NOR171','AZE17','2017-05-16',1),
('NOR172','PRT17','2017-05-16',12),
('NOR172','NDL17','2017-05-16',10),
('NOR172','CYP17','2017-05-16',8),
('NOR172','DNK17','2017-05-16',7),
('NOR172','BEL17','2017-05-16',6),
('NOR172','FRA17','2017-05-16',5),
('NOR172','DEU17','2017-05-16',4),
('NOR172','RUS17','2017-05-16',3),
('NOR172','AUS17','2017-05-16',2),
('NOR172','UKR17','2017-05-16',1),
('PRT171','AZE17','2017-05-16',12),
('PRT171','BEL17','2017-05-16',10),
('PRT171','RUS17','2017-05-16',8),
('PRT171','SMR17','2017-05-16',7),
('PRT171','GBR17','2017-05-16',6),
('PRT171','DEU17','2017-05-16',5),
('PRT171','CYP17','2017-05-16',4),
('PRT171','SWE17','2017-05-16',3),
('PRT171','NDL17','2017-05-16',2),
('PRT171','ITA17','2017-05-16',1),
('PRT172','AUS17','2017-05-16',12),
('PRT172','FRA17','2017-05-16',10),
('PRT172','ITA17','2017-05-16',8),
('PRT172','DEU17','2017-05-16',7),
('PRT172','RUS17','2017-05-16',6),
('PRT172','NOR17','2017-05-16',5),
('PRT172','NDL17','2017-05-16',4),
('PRT172','CYP17','2017-05-16',3),
('PRT172','SWE17','2017-05-16',2),
('PRT172','UKR17','2017-05-16',1),
('RUS171','BEL17','2017-05-16',12),
('RUS171','FRA17','2017-05-16',10),
('RUS171','PRT17','2017-05-16',8),
('RUS171','AZE17','2017-05-16',7),
('RUS171','ITA17','2017-05-16',6),
('RUS171','DEU17','2017-05-16',5),
('RUS171','AUS17','2017-05-16',4),
('RUS171','CYP17','2017-05-16',3),
('RUS171','RUS17','2017-05-16',2),
('RUS171','GBR17','2017-05-16',1),
('RUS172','BEL17','2017-05-16',12),
('RUS172','ITA17','2017-05-16',10),
('RUS172','RUS17','2017-05-16',8),
('RUS172','AUS17','2017-05-16',7),
('RUS172','NDL17','2017-05-16',6),
('RUS172','NOR17','2017-05-16',5),
('RUS172','PRT17','2017-05-16',4),
('RUS172','DEU17','2017-05-16',3),
('RUS172','AZE17','2017-05-16',2),
('RUS172','GBR17','2017-05-16',1),
('SMR171','DNK17','2017-05-16',12),
('SMR171','BEL17','2017-05-16',10),
('SMR171','PRT17','2017-05-16',8),
('SMR171','AUS17','2017-05-16',7),
('SMR171','ITA17','2017-05-16',6),
('SMR171','NOR17','2017-05-16',5),
('SMR171','SMR17','2017-05-16',4),
('SMR171','AZE17','2017-05-16',3),
('SMR171','CYP17','2017-05-16',2),
('SMR171','RUS17','2017-05-16',1),
('SMR172','PRT17','2017-05-16',12),
('SMR172','AZE17','2017-05-16',10),
('SMR172','FRA17','2017-05-16',8),
('SMR172','SWE17','2017-05-16',7),
('SMR172','SMR17','2017-05-16',6),
('SMR172','BEL17','2017-05-16',5),
('SMR172','GBR17','2017-05-16',4),
('SMR172','DNK17','2017-05-16',3),
('SMR172','ITA17','2017-05-16',2),
('SMR172','NOR17','2017-05-16',1),
('SWE171','PRT17','2017-05-16',12),
('SWE171','AUS17','2017-05-16',10),
('SWE171','BEL17','2017-05-16',8),
('SWE171','UKR17','2017-05-16',7),
('SWE171','NDL17','2017-05-16',6),
('SWE171','FRA17','2017-05-16',5),
('SWE171','GBR17','2017-05-16',4),
('SWE171','CYP17','2017-05-16',3),
('SWE171','SMR17','2017-05-16',2),
('SWE171','RUS17','2017-05-16',1),
('SWE172','SWE17','2017-05-16',12),
('SWE172','AZE17','2017-05-16',10),
('SWE172','NDL17','2017-05-16',8),
('SWE172','GBR17','2017-05-16',7),
('SWE172','SMR17','2017-05-16',6),
('SWE172','DEU17','2017-05-16',5),
('SWE172','AUS17','2017-05-16',4),
('SWE172','NOR17','2017-05-16',3),
('SWE172','ITA17','2017-05-16',2),
('SWE172','PRT17','2017-05-16',1),
('GBR171','BEL17','2017-05-16',12),
('GBR171','SWE17','2017-05-16',10),
('GBR171','UKR17','2017-05-16',8),
('GBR171','FRA17','2017-05-16',7),
('GBR171','AUS17','2017-05-16',6),
('GBR171','PRT17','2017-05-16',5),
('GBR171','SMR17','2017-05-16',4),
('GBR171','DEU17','2017-05-16',3),
('GBR171','CYP17','2017-05-16',2),
('GBR171','GBR17','2017-05-16',1),
('GBR172','FRA17','2017-05-16',12),
('GBR172','GBR17','2017-05-16',10),
('GBR172','BEL17','2017-05-16',8),
('GBR172','SMR17','2017-05-16',7),
('GBR172','RUS17','2017-05-16',6),
('GBR172','UKR17','2017-05-16',5),
('GBR172','PRT17','2017-05-16',4),
('GBR172','SWE17','2017-05-16',3),
('GBR172','AZE17','2017-05-16',2),
('GBR172','NOR17','2017-05-16',1),
('UKR171','AZE17','2017-05-16',12),
('UKR171','RUS17','2017-05-16',10),
('UKR171','PRT17','2017-05-16',8),
('UKR171','BEL17','2017-05-16',7),
('UKR171','SMR17','2017-05-16',6),
('UKR171','UKR17','2017-05-16',5),
('UKR171','DNK17','2017-05-16',4),
('UKR171','FRA17','2017-05-16',3),
('UKR171','NOR17','2017-05-16',2),
('UKR171','ITA17','2017-05-16',1),
('UKR172','BEL17','2017-05-16',12),
('UKR172','NOR17','2017-05-16',10),
('UKR172','AUS17','2017-05-16',8),
('UKR172','RUS17','2017-05-16',7),
('UKR172','SMR17','2017-05-16',6),
('UKR172','UKR17','2017-05-16',5),
('UKR172','SWE17','2017-05-16',4),
('UKR172','CYP17','2017-05-16',3),
('UKR172','FRA17','2017-05-16',2),
('UKR172','DNK17','2017-05-16',1),
('AUS181','NDL18','2018-05-16',12),
('AUS181','FRA18','2018-05-16',10),
('AUS181','PRT18','2018-05-16',8),
('AUS181','SWE18','2018-05-16',7),
('AUS181','AZE18','2018-05-16',6),
('AUS181','ITA18','2018-05-16',5),
('AUS181','DNK18','2018-05-16',4),
('AUS181','GBR18','2018-05-16',3),
('AUS181','DEU18','2018-05-16',2),
('AUS181','CYP18','2018-05-16',1),
('AUS182','NDL18','2018-05-16',12),
('AUS182','UKR18','2018-05-16',10),
('AUS182','PRT18','2018-05-16',8),
('AUS182','SWE18','2018-05-16',7),
('AUS182','SMR18','2018-05-16',6),
('AUS182','AUS18','2018-05-16',5),
('AUS182','RUS18','2018-05-16',4),
('AUS182','ITA18','2018-05-16',3),
('AUS182','FRA18','2018-05-16',2),
('AUS182','AZE18','2018-05-16',1),
('AZE181','ITA18','2018-05-16',12),
('AZE181','CYP18','2018-05-16',10),
('AZE181','RUS18','2018-05-16',8),
('AZE181','BEL18','2018-05-16',7),
('AZE181','UKR18','2018-05-16',6),
('AZE181','SMR18','2018-05-16',5),
('AZE181','FRA18','2018-05-16',4),
('AZE181','SWE18','2018-05-16',3),
('AZE181','NDL18','2018-05-16',2),
('AZE181','GBR18','2018-05-16',1),
('AZE182','SWE18','2018-05-16',12),
('AZE182','ITA18','2018-05-16',10),
('AZE182','CYP18','2018-05-16',8),
('AZE182','SMR18','2018-05-16',7),
('AZE182','FRA18','2018-05-16',6),
('AZE182','DEU18','2018-05-16',5),
('AZE182','PRT18','2018-05-16',4),
('AZE182','NDL18','2018-05-16',3),
('AZE182','RUS18','2018-05-16',2),
('AZE182','NOR18','2018-05-16',1),
('BEL181','ITA18','2018-05-16',12),
('BEL181','SWE18','2018-05-16',10),
('BEL181','DEU18','2018-05-16',8),
('BEL181','NOR18','2018-05-16',7),
('BEL181','PRT18','2018-05-16',6),
('BEL181','NDL18','2018-05-16',5),
('BEL181','RUS18','2018-05-16',4),
('BEL181','CYP18','2018-05-16',3),
('BEL181','AUS18','2018-05-16',2),
('BEL181','BEL18','2018-05-16',1),
('BEL182','NOR18','2018-05-16',12),
('BEL182','BEL18','2018-05-16',10),
('BEL182','SMR18','2018-05-16',8),
('BEL182','AZE18','2018-05-16',7),
('BEL182','PRT18','2018-05-16',6),
('BEL182','RUS18','2018-05-16',5),
('BEL182','ITA18','2018-05-16',4),
('BEL182','AUS18','2018-05-16',3),
('BEL182','DNK18','2018-05-16',2),
('BEL182','UKR18','2018-05-16',1),
('CYP181','BEL18','2018-05-16',12),
('CYP181','ITA18','2018-05-16',10),
('CYP181','RUS18','2018-05-16',8),
('CYP181','AZE18','2018-05-16',7),
('CYP181','CYP18','2018-05-16',6),
('CYP181','SWE18','2018-05-16',5),
('CYP181','DNK18','2018-05-16',4),
('CYP181','FRA18','2018-05-16',3),
('CYP181','AUS18','2018-05-16',2),
('CYP181','DEU18','2018-05-16',1),
('CYP182','ITA18','2018-05-16',12),
('CYP182','CYP18','2018-05-16',10),
('CYP182','SMR18','2018-05-16',8),
('CYP182','SWE18','2018-05-16',7),
('CYP182','UKR18','2018-05-16',6),
('CYP182','PRT18','2018-05-16',5),
('CYP182','RUS18','2018-05-16',4),
('CYP182','BEL18','2018-05-16',3),
('CYP182','AZE18','2018-05-16',2),
('CYP182','GBR18','2018-05-16',1),
('DNK181','ITA18','2018-05-16',12),
('DNK181','GBR18','2018-05-16',10),
('DNK181','RUS18','2018-05-16',8),
('DNK181','DEU18','2018-05-16',7),
('DNK181','BEL18','2018-05-16',6),
('DNK181','SWE18','2018-05-16',5),
('DNK181','UKR18','2018-05-16',4),
('DNK181','PRT18','2018-05-16',3),
('DNK181','DNK18','2018-05-16',2),
('DNK181','NOR18','2018-05-16',1),
('DNK182','ITA18','2018-05-16',12),
('DNK182','BEL18','2018-05-16',10),
('DNK182','DNK18','2018-05-16',8),
('DNK182','SMR18','2018-05-16',7),
('DNK182','DEU18','2018-05-16',6),
('DNK182','RUS18','2018-05-16',5),
('DNK182','SWE18','2018-05-16',4),
('DNK182','AUS18','2018-05-16',3),
('DNK182','NDL18','2018-05-16',2),
('DNK182','PRT18','2018-05-16',1),
('FRA181','ITA18','2018-05-16',12),
('FRA181','BEL18','2018-05-16',10),
('FRA181','RUS18','2018-05-16',8),
('FRA181','NDL18','2018-05-16',7),
('FRA181','FRA18','2018-05-16',6),
('FRA181','AUS18','2018-05-16',5),
('FRA181','AZE18','2018-05-16',4),
('FRA181','NOR18','2018-05-16',3),
('FRA181','DEU18','2018-05-16',2),
('FRA181','GBR18','2018-05-16',1),
('FRA182','SMR18','2018-05-16',12),
('FRA182','ITA18','2018-05-16',10),
('FRA182','NDL18','2018-05-16',8),
('FRA182','AZE18','2018-05-16',7),
('FRA182','CYP18','2018-05-16',6),
('FRA182','DNK18','2018-05-16',5),
('FRA182','BEL18','2018-05-16',4),
('FRA182','DEU18','2018-05-16',3),
('FRA182','UKR18','2018-05-16',2),
('FRA182','SWE18','2018-05-16',1),
('DEU181','PRT18','2018-05-16',12),
('DEU181','UKR18','2018-05-16',10),
('DEU181','ITA18','2018-05-16',8),
('DEU181','SWE18','2018-05-16',7),
('DEU181','RUS18','2018-05-16',6),
('DEU181','DEU18','2018-05-16',5),
('DEU181','GBR18','2018-05-16',4),
('DEU181','AZE18','2018-05-16',3),
('DEU181','CYP18','2018-05-16',2),
('DEU181','AUS18','2018-05-16',1),
('DEU182','ITA18','2018-05-16',12),
('DEU182','SWE18','2018-05-16',10),
('DEU182','DEU18','2018-05-16',8),
('DEU182','AUS18','2018-05-16',7),
('DEU182','GBR18','2018-05-16',6),
('DEU182','CYP18','2018-05-16',5),
('DEU182','AZE18','2018-05-16',4),
('DEU182','RUS18','2018-05-16',3),
('DEU182','NOR18','2018-05-16',2),
('DEU182','PRT18','2018-05-16',1),
('NDL181','ITA18','2018-05-16',12),
('NDL181','BEL18','2018-05-16',10),
('NDL181','RUS18','2018-05-16',8),
('NDL181','AZE18','2018-05-16',7),
('NDL181','GBR18','2018-05-16',6),
('NDL181','SMR18','2018-05-16',5),
('NDL181','DNK18','2018-05-16',4),
('NDL181','FRA18','2018-05-16',3),
('NDL181','DEU18','2018-05-16',2),
('NDL181','SWE18','2018-05-16',1),
('NDL182','ITA18','2018-05-16',12),
('NDL182','AZE18','2018-05-16',10),
('NDL182','UKR18','2018-05-16',8),
('NDL182','GBR18','2018-05-16',7),
('NDL182','SMR18','2018-05-16',6),
('NDL182','BEL18','2018-05-16',5),
('NDL182','DEU18','2018-05-16',4),
('NDL182','SWE18','2018-05-16',3),
('NDL182','NOR18','2018-05-16',2),
('NDL182','RUS18','2018-05-16',1),
('ITA181','BEL18','2018-05-16',12),
('ITA181','ITA18','2018-05-16',10),
('ITA181','AZE18','2018-05-16',8),
('ITA181','SWE18','2018-05-16',7),
('ITA181','RUS18','2018-05-16',6),
('ITA181','CYP18','2018-05-16',5),
('ITA181','GBR18','2018-05-16',4),
('ITA181','SMR18','2018-05-16',3),
('ITA181','FRA18','2018-05-16',2),
('ITA181','DEU18','2018-05-16',1),
('ITA182','GBR18','2018-05-16',12),
('ITA182','SWE18','2018-05-16',10),
('ITA182','PRT18','2018-05-16',8),
('ITA182','UKR18','2018-05-16',7),
('ITA182','BEL18','2018-05-16',6),
('ITA182','ITA18','2018-05-16',5),
('ITA182','AUS18','2018-05-16',4),
('ITA182','NDL18','2018-05-16',3),
('ITA182','SMR18','2018-05-16',2),
('ITA182','RUS18','2018-05-16',1),
('NOR181','ITA18','2018-05-16',12),
('NOR181','PRT18','2018-05-16',10),
('NOR181','NDL18','2018-05-16',8),
('NOR181','GBR18','2018-05-16',7),
('NOR181','BEL18','2018-05-16',6),
('NOR181','SMR18','2018-05-16',5),
('NOR181','CYP18','2018-05-16',4),
('NOR181','DEU18','2018-05-16',3),
('NOR181','UKR18','2018-05-16',2),
('NOR181','AZE18','2018-05-16',1),
('NOR182','PRT18','2018-05-16',12),
('NOR182','ITA18','2018-05-16',10),
('NOR182','CYP18','2018-05-16',8),
('NOR182','DNK18','2018-05-16',7),
('NOR182','BEL18','2018-05-16',6),
('NOR182','FRA18','2018-05-16',5),
('NOR182','DEU18','2018-05-16',4),
('NOR182','RUS18','2018-05-16',3),
('NOR182','AUS18','2018-05-16',2),
('NOR182','UKR18','2018-05-16',1),
('PRT181','ITA18','2018-05-16',12),
('PRT181','BEL18','2018-05-16',10),
('PRT181','RUS18','2018-05-16',8),
('PRT181','SMR18','2018-05-16',7),
('PRT181','GBR18','2018-05-16',6),
('PRT181','DEU18','2018-05-16',5),
('PRT181','CYP18','2018-05-16',4),
('PRT181','SWE18','2018-05-16',3),
('PRT181','AZE18','2018-05-16',2),
('PRT181','NDL18','2018-05-16',1),
('PRT182','AUS18','2018-05-16',12),
('PRT182','FRA18','2018-05-16',10),
('PRT182','NDL18','2018-05-16',8),
('PRT182','DEU18','2018-05-16',7),
('PRT182','RUS18','2018-05-16',6),
('PRT182','NOR18','2018-05-16',5),
('PRT182','ITA18','2018-05-16',4),
('PRT182','CYP18','2018-05-16',3),
('PRT182','SWE18','2018-05-16',2),
('PRT182','UKR18','2018-05-16',1),
('RUS181','ITA18','2018-05-16',12),
('RUS181','FRA18','2018-05-16',10),
('RUS181','PRT18','2018-05-16',8),
('RUS181','AZE18','2018-05-16',7),
('RUS181','NDL18','2018-05-16',6),
('RUS181','DEU18','2018-05-16',5),
('RUS181','AUS18','2018-05-16',4),
('RUS181','CYP18','2018-05-16',3),
('RUS181','RUS18','2018-05-16',2),
('RUS181','GBR18','2018-05-16',1),
('RUS182','ITA18','2018-05-16',12),
('RUS182','NDL18','2018-05-16',10),
('RUS182','RUS18','2018-05-16',8),
('RUS182','AUS18','2018-05-16',7),
('RUS182','BEL18','2018-05-16',6),
('RUS182','NOR18','2018-05-16',5),
('RUS182','PRT18','2018-05-16',4),
('RUS182','DEU18','2018-05-16',3),
('RUS182','AZE18','2018-05-16',2),
('RUS182','GBR18','2018-05-16',1),
('SMR181','DNK18','2018-05-16',12),
('SMR181','ITA18','2018-05-16',10),
('SMR181','PRT18','2018-05-16',8),
('SMR181','AUS18','2018-05-16',7),
('SMR181','NDL18','2018-05-16',6),
('SMR181','NOR18','2018-05-16',5),
('SMR181','SMR18','2018-05-16',4),
('SMR181','AZE18','2018-05-16',3),
('SMR181','CYP18','2018-05-16',2),
('SMR181','RUS18','2018-05-16',1),
('SMR182','PRT18','2018-05-16',12),
('SMR182','ITA18','2018-05-16',10),
('SMR182','FRA18','2018-05-16',8),
('SMR182','SWE18','2018-05-16',7),
('SMR182','SMR18','2018-05-16',6),
('SMR182','BEL18','2018-05-16',5),
('SMR182','GBR18','2018-05-16',4),
('SMR182','DNK18','2018-05-16',3),
('SMR182','NDL18','2018-05-16',2),
('SMR182','NOR18','2018-05-16',1),
('SWE181','PRT18','2018-05-16',12),
('SWE181','ITA18','2018-05-16',10),
('SWE181','BEL18','2018-05-16',8),
('SWE181','UKR18','2018-05-16',7),
('SWE181','AUS18','2018-05-16',6),
('SWE181','FRA18','2018-05-16',5),
('SWE181','GBR18','2018-05-16',4),
('SWE181','CYP18','2018-05-16',3),
('SWE181','SMR18','2018-05-16',2),
('SWE181','RUS18','2018-05-16',1),
('SWE182','SWE18','2018-05-16',12),
('SWE182','AZE18','2018-05-16',10),
('SWE182','ITA18','2018-05-16',8),
('SWE182','GBR18','2018-05-16',7),
('SWE182','SMR18','2018-05-16',6),
('SWE182','DEU18','2018-05-16',5),
('SWE182','AUS18','2018-05-16',4),
('SWE182','NOR18','2018-05-16',3),
('SWE182','NDL18','2018-05-16',2),
('SWE182','PRT18','2018-05-16',1),
('GBR181','ITA18','2018-05-16',12),
('GBR181','SWE18','2018-05-16',10),
('GBR181','UKR18','2018-05-16',8),
('GBR181','FRA18','2018-05-16',7),
('GBR181','AUS18','2018-05-16',6),
('GBR181','PRT18','2018-05-16',5),
('GBR181','SMR18','2018-05-16',4),
('GBR181','DEU18','2018-05-16',3),
('GBR181','CYP18','2018-05-16',2),
('GBR181','GBR18','2018-05-16',1),
('GBR182','ITA18','2018-05-16',12),
('GBR182','GBR18','2018-05-16',10),
('GBR182','BEL18','2018-05-16',8),
('GBR182','SMR18','2018-05-16',7),
('GBR182','RUS18','2018-05-16',6),
('GBR182','UKR18','2018-05-16',5),
('GBR182','PRT18','2018-05-16',4),
('GBR182','SWE18','2018-05-16',3),
('GBR182','AZE18','2018-05-16',2),
('GBR182','NOR18','2018-05-16',1),
('UKR181','AZE18','2018-05-16',12),
('UKR181','RUS18','2018-05-16',10),
('UKR181','ITA18','2018-05-16',8),
('UKR181','BEL18','2018-05-16',7),
('UKR181','SMR18','2018-05-16',6),
('UKR181','UKR18','2018-05-16',5),
('UKR181','DNK18','2018-05-16',4),
('UKR181','FRA18','2018-05-16',3),
('UKR181','NOR18','2018-05-16',2),
('UKR181','NDL18','2018-05-16',1),
('UKR182','ITA18','2018-05-16',12),
('UKR182','NOR18','2018-05-16',10),
('UKR182','AUS18','2018-05-16',8),
('UKR182','RUS18','2018-05-16',7),
('UKR182','SMR18','2018-05-16',6),
('UKR182','UKR18','2018-05-16',5),
('UKR182','SWE18','2018-05-16',4),
('UKR182','CYP18','2018-05-16',3),
('UKR182','FRA18','2018-05-16',2),
('UKR182','DNK18','2018-05-16',1),
('AUS191','NDL19','2019-05-16',12),
('AUS191','FRA19','2019-05-16',10),
('AUS191','PRT19','2019-05-16',8),
('AUS191','SWE19','2019-05-16',7),
('AUS191','AZE19','2019-05-16',6),
('AUS191','ITA19','2019-05-16',5),
('AUS191','DNK19','2019-05-16',4),
('AUS191','GBR19','2019-05-16',3),
('AUS191','DEU19','2019-05-16',2),
('AUS191','CYP19','2019-05-16',1),
('AUS192','NDL19','2019-05-16',12),
('AUS192','UKR19','2019-05-16',10),
('AUS192','PRT19','2019-05-16',8),
('AUS192','SWE19','2019-05-16',7),
('AUS192','SMR19','2019-05-16',6),
('AUS192','AUS19','2019-05-16',5),
('AUS192','RUS19','2019-05-16',4),
('AUS192','ITA19','2019-05-16',3),
('AUS192','FRA19','2019-05-16',2),
('AUS192','AZE19','2019-05-16',1),
('AZE191','NDL19','2019-05-16',12),
('AZE191','CYP19','2019-05-16',10),
('AZE191','RUS19','2019-05-16',8),
('AZE191','BEL19','2019-05-16',7),
('AZE191','UKR19','2019-05-16',6),
('AZE191','SMR19','2019-05-16',5),
('AZE191','FRA19','2019-05-16',4),
('AZE191','SWE19','2019-05-16',3),
('AZE191','ITA19','2019-05-16',2),
('AZE191','GBR19','2019-05-16',1),
('AZE192','SWE19','2019-05-16',12),
('AZE192','NDL19','2019-05-16',10),
('AZE192','CYP19','2019-05-16',8),
('AZE192','SMR19','2019-05-16',7),
('AZE192','FRA19','2019-05-16',6),
('AZE192','DEU19','2019-05-16',5),
('AZE192','PRT19','2019-05-16',4),
('AZE192','ITA19','2019-05-16',3),
('AZE192','RUS19','2019-05-16',2),
('AZE192','NOR19','2019-05-16',1),
('BEL191','NDL19','2019-05-16',12),
('BEL191','SWE19','2019-05-16',10),
('BEL191','DEU19','2019-05-16',8),
('BEL191','NOR19','2019-05-16',7),
('BEL191','PRT19','2019-05-16',6),
('BEL191','ITA19','2019-05-16',5),
('BEL191','RUS19','2019-05-16',4),
('BEL191','CYP19','2019-05-16',3),
('BEL191','AUS19','2019-05-16',2),
('BEL191','BEL19','2019-05-16',1),
('BEL192','NOR19','2019-05-16',12),
('BEL192','BEL19','2019-05-16',10),
('BEL192','SMR19','2019-05-16',8),
('BEL192','AZE19','2019-05-16',7),
('BEL192','PRT19','2019-05-16',6),
('BEL192','RUS19','2019-05-16',5),
('BEL192','NDL19','2019-05-16',4),
('BEL192','AUS19','2019-05-16',3),
('BEL192','DNK19','2019-05-16',2),
('BEL192','UKR19','2019-05-16',1),
('CYP191','BEL19','2019-05-16',12),
('CYP191','NDL19','2019-05-16',10),
('CYP191','RUS19','2019-05-16',8),
('CYP191','AZE19','2019-05-16',7),
('CYP191','CYP19','2019-05-16',6),
('CYP191','SWE19','2019-05-16',5),
('CYP191','DNK19','2019-05-16',4),
('CYP191','FRA19','2019-05-16',3),
('CYP191','AUS19','2019-05-16',2),
('CYP191','DEU19','2019-05-16',1),
('CYP192','CYP19','2019-05-16',12),
('CYP192','NDL19','2019-05-16',10),
('CYP192','SMR19','2019-05-16',8),
('CYP192','SWE19','2019-05-16',7),
('CYP192','UKR19','2019-05-16',6),
('CYP192','PRT19','2019-05-16',5),
('CYP192','RUS19','2019-05-16',4),
('CYP192','BEL19','2019-05-16',3),
('CYP192','AZE19','2019-05-16',2),
('CYP192','GBR19','2019-05-16',1),
('DNK191','DEU19','2019-05-16',12),
('DNK191','GBR19','2019-05-16',10),
('DNK191','RUS19','2019-05-16',8),
('DNK191','NDL19','2019-05-16',7),
('DNK191','BEL19','2019-05-16',6),
('DNK191','SWE19','2019-05-16',5),
('DNK191','UKR19','2019-05-16',4),
('DNK191','PRT19','2019-05-16',3),
('DNK191','DNK19','2019-05-16',2),
('DNK191','NOR19','2019-05-16',1),
('DNK192','NDL19','2019-05-16',12),
('DNK192','BEL19','2019-05-16',10),
('DNK192','DNK19','2019-05-16',8),
('DNK192','SMR19','2019-05-16',7),
('DNK192','DEU19','2019-05-16',6),
('DNK192','RUS19','2019-05-16',5),
('DNK192','SWE19','2019-05-16',4),
('DNK192','AUS19','2019-05-16',3),
('DNK192','ITA19','2019-05-16',2),
('DNK192','PRT19','2019-05-16',1),
('FRA191','NDL19','2019-05-16',12),
('FRA191','BEL19','2019-05-16',10),
('FRA191','RUS19','2019-05-16',8),
('FRA191','ITA19','2019-05-16',7),
('FRA191','FRA19','2019-05-16',6),
('FRA191','AUS19','2019-05-16',5),
('FRA191','AZE19','2019-05-16',4),
('FRA191','NOR19','2019-05-16',3),
('FRA191','DEU19','2019-05-16',2),
('FRA191','GBR19','2019-05-16',1),
('FRA192','SMR19','2019-05-16',12),
('FRA192','NDL19','2019-05-16',10),
('FRA192','ITA19','2019-05-16',8),
('FRA192','AZE19','2019-05-16',7),
('FRA192','CYP19','2019-05-16',6),
('FRA192','DNK19','2019-05-16',5),
('FRA192','BEL19','2019-05-16',4),
('FRA192','DEU19','2019-05-16',3),
('FRA192','UKR19','2019-05-16',2),
('FRA192','SWE19','2019-05-16',1),
('DEU191','PRT19','2019-05-16',12),
('DEU191','UKR19','2019-05-16',10),
('DEU191','NDL19','2019-05-16',8),
('DEU191','SWE19','2019-05-16',7),
('DEU191','RUS19','2019-05-16',6),
('DEU191','DEU19','2019-05-16',5),
('DEU191','GBR19','2019-05-16',4),
('DEU191','AZE19','2019-05-16',3),
('DEU191','CYP19','2019-05-16',2),
('DEU191','AUS19','2019-05-16',1),
('DEU192','NDL19','2019-05-16',12),
('DEU192','SWE19','2019-05-16',10),
('DEU192','DEU19','2019-05-16',8),
('DEU192','AUS19','2019-05-16',7),
('DEU192','GBR19','2019-05-16',6),
('DEU192','CYP19','2019-05-16',5),
('DEU192','AZE19','2019-05-16',4),
('DEU192','RUS19','2019-05-16',3),
('DEU192','NOR19','2019-05-16',2),
('DEU192','PRT19','2019-05-16',1),
('ITA191','RUS19','2019-05-16',12),
('ITA191','BEL19','2019-05-16',10),
('ITA191','NDL19','2019-05-16',8),
('ITA191','AZE19','2019-05-16',7),
('ITA191','GBR19','2019-05-16',6),
('ITA191','SMR19','2019-05-16',5),
('ITA191','DNK19','2019-05-16',4),
('ITA191','FRA19','2019-05-16',3),
('ITA191','DEU19','2019-05-16',2),
('ITA191','SWE19','2019-05-16',1),
('ITA192','NDL19','2019-05-16',12),
('ITA192','AZE19','2019-05-16',10),
('ITA192','UKR19','2019-05-16',8),
('ITA192','GBR19','2019-05-16',7),
('ITA192','SMR19','2019-05-16',6),
('ITA192','BEL19','2019-05-16',5),
('ITA192','DEU19','2019-05-16',4),
('ITA192','SWE19','2019-05-16',3),
('ITA192','NOR19','2019-05-16',2),
('ITA192','RUS19','2019-05-16',1),
('NOR191','BEL19','2019-05-16',12),
('NOR191','NDL19','2019-05-16',10),
('NOR191','AZE19','2019-05-16',8),
('NOR191','SWE19','2019-05-16',7),
('NOR191','RUS19','2019-05-16',6),
('NOR191','CYP19','2019-05-16',5),
('NOR191','GBR19','2019-05-16',4),
('NOR191','SMR19','2019-05-16',3),
('NOR191','FRA19','2019-05-16',2),
('NOR191','DEU19','2019-05-16',1),
('NOR192','GBR19','2019-05-16',12),
('NOR192','SWE19','2019-05-16',10),
('NOR192','PRT19','2019-05-16',8),
('NOR192','UKR19','2019-05-16',7),
('NOR192','BEL19','2019-05-16',6),
('NOR192','NDL19','2019-05-16',5),
('NOR192','AUS19','2019-05-16',4),
('NOR192','ITA19','2019-05-16',3),
('NOR192','SMR19','2019-05-16',2),
('NOR192','RUS19','2019-05-16',1),
('NDL191','NDL19','2019-05-16',12),
('NDL191','PRT19','2019-05-16',10),
('NDL191','ITA19','2019-05-16',8),
('NDL191','GBR19','2019-05-16',7),
('NDL191','BEL19','2019-05-16',6),
('NDL191','SMR19','2019-05-16',5),
('NDL191','CYP19','2019-05-16',4),
('NDL191','DEU19','2019-05-16',3),
('NDL191','UKR19','2019-05-16',2),
('NDL191','AZE19','2019-05-16',1),
('NDL192','PRT19','2019-05-16',12),
('NDL192','NDL19','2019-05-16',10),
('NDL192','CYP19','2019-05-16',8),
('NDL192','DNK19','2019-05-16',7),
('NDL192','BEL19','2019-05-16',6),
('NDL192','FRA19','2019-05-16',5),
('NDL192','DEU19','2019-05-16',4),
('NDL192','RUS19','2019-05-16',3),
('NDL192','AUS19','2019-05-16',2),
('NDL192','UKR19','2019-05-16',1),
('PRT191','AZE19','2019-05-16',12),
('PRT191','BEL19','2019-05-16',10),
('PRT191','RUS19','2019-05-16',8),
('PRT191','SMR19','2019-05-16',7),
('PRT191','GBR19','2019-05-16',6),
('PRT191','DEU19','2019-05-16',5),
('PRT191','CYP19','2019-05-16',4),
('PRT191','SWE19','2019-05-16',3),
('PRT191','NDL19','2019-05-16',2),
('PRT191','ITA19','2019-05-16',1),
('PRT192','AUS19','2019-05-16',12),
('PRT192','FRA19','2019-05-16',10),
('PRT192','ITA19','2019-05-16',8),
('PRT192','DEU19','2019-05-16',7),
('PRT192','RUS19','2019-05-16',6),
('PRT192','NOR19','2019-05-16',5),
('PRT192','NDL19','2019-05-16',4),
('PRT192','CYP19','2019-05-16',3),
('PRT192','SWE19','2019-05-16',2),
('PRT192','UKR19','2019-05-16',1),
('RUS191','NDL19','2019-05-16',12),
('RUS191','FRA19','2019-05-16',10),
('RUS191','PRT19','2019-05-16',8),
('RUS191','AZE19','2019-05-16',7),
('RUS191','ITA19','2019-05-16',6),
('RUS191','DEU19','2019-05-16',5),
('RUS191','AUS19','2019-05-16',4),
('RUS191','CYP19','2019-05-16',3),
('RUS191','RUS19','2019-05-16',2),
('RUS191','GBR19','2019-05-16',1),
('RUS192','NDL19','2019-05-16',12),
('RUS192','ITA19','2019-05-16',10),
('RUS192','RUS19','2019-05-16',8),
('RUS192','AUS19','2019-05-16',7),
('RUS192','BEL19','2019-05-16',6),
('RUS192','NOR19','2019-05-16',5),
('RUS192','PRT19','2019-05-16',4),
('RUS192','DEU19','2019-05-16',3),
('RUS192','AZE19','2019-05-16',2),
('RUS192','GBR19','2019-05-16',1),
('SMR191','DNK19','2019-05-16',12),
('SMR191','NDL19','2019-05-16',10),
('SMR191','PRT19','2019-05-16',8),
('SMR191','AUS19','2019-05-16',7),
('SMR191','ITA19','2019-05-16',6),
('SMR191','NOR19','2019-05-16',5),
('SMR191','SMR19','2019-05-16',4),
('SMR191','AZE19','2019-05-16',3),
('SMR191','CYP19','2019-05-16',2),
('SMR191','RUS19','2019-05-16',1),
('SMR192','PRT19','2019-05-16',12),
('SMR192','NDL19','2019-05-16',10),
('SMR192','FRA19','2019-05-16',8),
('SMR192','SWE19','2019-05-16',7),
('SMR192','SMR19','2019-05-16',6),
('SMR192','BEL19','2019-05-16',5),
('SMR192','GBR19','2019-05-16',4),
('SMR192','DNK19','2019-05-16',3),
('SMR192','ITA19','2019-05-16',2),
('SMR192','NOR19','2019-05-16',1),
('SWE191','PRT19','2019-05-16',12),
('SWE191','NDL19','2019-05-16',10),
('SWE191','BEL19','2019-05-16',8),
('SWE191','UKR19','2019-05-16',7),
('SWE191','AUS19','2019-05-16',6),
('SWE191','FRA19','2019-05-16',5),
('SWE191','GBR19','2019-05-16',4),
('SWE191','CYP19','2019-05-16',3),
('SWE191','SMR19','2019-05-16',2),
('SWE191','RUS19','2019-05-16',1),
('SWE192','SWE19','2019-05-16',12),
('SWE192','AZE19','2019-05-16',10),
('SWE192','NDL19','2019-05-16',8),
('SWE192','GBR19','2019-05-16',7),
('SWE192','SMR19','2019-05-16',6),
('SWE192','DEU19','2019-05-16',5),
('SWE192','AUS19','2019-05-16',4),
('SWE192','NOR19','2019-05-16',3),
('SWE192','ITA19','2019-05-16',2),
('SWE192','PRT19','2019-05-16',1),
('GBR191','NDL19','2019-05-16',12),
('GBR191','SWE19','2019-05-16',10),
('GBR191','UKR19','2019-05-16',8),
('GBR191','FRA19','2019-05-16',7),
('GBR191','AUS19','2019-05-16',6),
('GBR191','PRT19','2019-05-16',5),
('GBR191','SMR19','2019-05-16',4),
('GBR191','DEU19','2019-05-16',3),
('GBR191','CYP19','2019-05-16',2),
('GBR191','GBR19','2019-05-16',1),
('GBR192','NDL19','2019-05-16',12),
('GBR192','GBR19','2019-05-16',10),
('GBR192','BEL19','2019-05-16',8),
('GBR192','SMR19','2019-05-16',7),
('GBR192','RUS19','2019-05-16',6),
('GBR192','UKR19','2019-05-16',5),
('GBR192','PRT19','2019-05-16',4),
('GBR192','SWE19','2019-05-16',3),
('GBR192','AZE19','2019-05-16',2),
('GBR192','NOR19','2019-05-16',1),
('UKR191','AZE19','2019-05-16',12),
('UKR191','RUS19','2019-05-16',10),
('UKR191','NDL19','2019-05-16',8),
('UKR191','BEL19','2019-05-16',7),
('UKR191','SMR19','2019-05-16',6),
('UKR191','UKR19','2019-05-16',5),
('UKR191','DNK19','2019-05-16',4),
('UKR191','FRA19','2019-05-16',3),
('UKR191','NOR19','2019-05-16',2),
('UKR191','ITA19','2019-05-16',1),
('UKR192','CYP19','2019-05-16',12),
('UKR192','NOR19','2019-05-16',10),
('UKR192','AUS19','2019-05-16',8),
('UKR192','RUS19','2019-05-16',7),
('UKR192','SMR19','2019-05-16',6),
('UKR192','UKR19','2019-05-16',5),
('UKR192','SWE19','2019-05-16',4),
('UKR192','NDL19','2019-05-16',3),
('UKR192','FRA19','2019-05-16',2),
('UKR192','DNK19','2019-05-16',1);

/* VISTE */
create view vit_es as
select titolo, e.ora_inizio
from canzone as c join esibizione as e on e.canzone=c.codice
join serata as s on s.data_serata=e.serata
join esc on esc.vittoria=c.codice
where s.codice<>3;

create view art_per_canz as
select c.codice as canzone,count(*) as num_artisti
from canzone as c join interpretazione as i on c.codice=i.canzone
group by c.codice;

drop view if exists pnt_3_art;
create view pnt_3_art as
select c.codice,num_artisti, sum(v.punteggio)
from voto as v join serata as s on v.serata=s.data_serata join
canzone as c on c.codice=v.canzone join art_per_canz as apc on apc.canzone=c.codice
where apc.num_artisti>2 and s.codice=3
group by c.codice,num_artisti;

/* QUERY */

/* 1. Mostrare la classifica del televoto danese nella finale del 2019*/
select c.titolo,c.nazione,punteggio
from voto as v join canzone as c on v.canzone=c.codice
where votante='DNK192' and serata='2019-05-16'
order by punteggio desc;

/* 2. Stampare le nazioni che hanno sia dato che ricevuto 12 punti all' / dall’ Italia durante le finali*/
select distinct c.nazione
from voto as v join votante as vt on v.votante=vt.id
join canzone as c on v.canzone=c.codice
where vt.nazione='ITA' and v.punteggio=12 and c.nazione IN
(select distinct vt.nazione
from voto as v join serata as s on v.serata=s.data_serata join
canzone as c on v.canzone=c.codice join votante as vt on v.votante=vt.id
where c.nazione='ITA' and v.punteggio=12
and s.codice=3);

/* 3. mostrare, per ogni canzone vincitrice, il titolo, i punti totali ricevuti durante la finale e l'anno di partecipazione. Ordinare i risultato per punti ricevuti*/
select c.titolo, punti,c.partecipazione
from (select v.canzone, sum(v.punteggio) as punti
from canzone as c join voto as v on c.codice=v.canzone join
serata as s on s.data_serata=v.serata and s.codice=3 join
esc on esc.vittoria=c.codice group by v.canzone)
as vp join canzone as c on c.codice=vp.canzone order by punti desc;

/* 4. tra le canzoni vincitrici, mostrare quale è stata cantata per prima, nel senso di ora dell’esibizione all’interno della finale*/
select titolo,ora_inizio from vit_es
where ora_inizio in(select min(ora_inizio) from vit_es);

/* 5. tra le canzoni interpretate da almeno 3 artisti, mostrare quale ha ricevuto più punti in finale. mostrare anche il cognome,nome,nazionalità degli artisti che la interpretano.*/
select cognome,nome,nazionalita,c.titolo
from artista as a join interpretazione as i on a.codice_fiscale=i.artista
join pnt_3_art as pnt on pnt.codice=i.canzone
join canzone as c on i.canzone=c.codice
where pnt.sum in (select max(sum)from pnt_3_art);

/* 6. seleziona tutti gli artisti che hanno fatto la prima ed unica apparizione all'ESC da soli(non in gruppo) e non sono mai apparsi all'ESC con un altro ruolo (Conduttore, Ospite, Spokeperson,curatore)*/
select codice_fiscale, nome_arte, nome, cognome
from Artista A join Interpretazione I on A.codice_fiscale = I.artista
where I.nome_gruppo is null
and A.codice_fiscale not in
(select codice_fiscale
from Interpretazione I1
where I1.artista= I.artista and I1.canzone <> I.canzone)
and A.codice_fiscale not in
((select codice_fiscale from Conduttore )
union (select codice_fiscale from Ospite)
union (select codice_fiscale from Collaboratore)
union (select codice_fiscale from Spokeperson));

/* INDICE */
CREATE INDEX idx_esibizione ON Esibizione(Id);